2025-07-30 19:59:02 INFO ColdDataPullRequestHoldService - ColdDataPullRequestHoldService service started
2025-07-30 19:59:02 INFO ColdDataCgCtrService - ColdDataCgCtrService service started
2025-07-30 19:59:22 INFO ColdDataPullRequestHoldService - checkColdPullRequest-info-finish, queueSize: 0 successTotal: 0 errorTotal: 0
2025-07-30 19:59:22 INFO ColdDataPullRequestHoldService - [OK] checkColdDataPullRequest-cost 0 ms.
2025-07-30 19:59:42 INFO ColdDataPullRequestHoldService - checkColdPullRequest-info-finish, queueSize: 0 successTotal: 0 errorTotal: 0
2025-07-30 19:59:42 INFO ColdDataPullRequestHoldService - [OK] checkColdDataPullRequest-cost 5 ms.
2025-07-30 20:00:02 INFO ColdDataPullRequestHoldService - checkColdPullRequest-info-finish, queueSize: 0 successTotal: 0 errorTotal: 0
2025-07-30 20:00:02 INFO ColdDataPullRequestHoldService - [OK] checkColdDataPullRequest-cost 1 ms.
2025-07-30 20:00:22 INFO ColdDataPullRequestHoldService - checkColdPullRequest-info-finish, queueSize: 0 successTotal: 0 errorTotal: 0
2025-07-30 20:00:22 INFO ColdDataPullRequestHoldService - [OK] checkColdDataPullRequest-cost 1 ms.
2025-07-30 20:00:42 INFO ColdDataPullRequestHoldService - checkColdPullRequest-info-finish, queueSize: 0 successTotal: 0 errorTotal: 0
2025-07-30 20:00:42 INFO ColdDataPullRequestHoldService - [OK] checkColdDataPullRequest-cost 1 ms.
2025-07-30 20:01:02 INFO ColdDataPullRequestHoldService - checkColdPullRequest-info-finish, queueSize: 0 successTotal: 0 errorTotal: 0
2025-07-30 20:01:02 INFO ColdDataPullRequestHoldService - [OK] checkColdDataPullRequest-cost 1 ms.
2025-07-30 20:01:22 INFO ColdDataPullRequestHoldService - checkColdPullRequest-info-finish, queueSize: 0 successTotal: 0 errorTotal: 0
2025-07-30 20:01:22 INFO ColdDataPullRequestHoldService - [OK] checkColdDataPullRequest-cost 0 ms.
2025-07-30 20:01:42 INFO ColdDataPullRequestHoldService - checkColdPullRequest-info-finish, queueSize: 0 successTotal: 0 errorTotal: 0
2025-07-30 20:01:42 INFO ColdDataPullRequestHoldService - [OK] checkColdDataPullRequest-cost 0 ms.
2025-07-30 20:02:02 INFO ColdDataCgCtrService - clearDataAcc cgColdThresholdMapRuntime key size: 0
2025-07-30 20:02:02 INFO ColdDataCgCtrService - [OK] clearTheDataAcc-cost 1 ms.
2025-07-30 20:02:02 INFO ColdDataPullRequestHoldService - checkColdPullRequest-info-finish, queueSize: 0 successTotal: 0 errorTotal: 0
2025-07-30 20:02:02 INFO ColdDataPullRequestHoldService - [OK] checkColdDataPullRequest-cost 0 ms.
2025-07-30 20:02:22 INFO ColdDataPullRequestHoldService - checkColdPullRequest-info-finish, queueSize: 0 successTotal: 0 errorTotal: 0
2025-07-30 20:02:22 INFO ColdDataPullRequestHoldService - [OK] checkColdDataPullRequest-cost 1 ms.
2025-07-30 20:25:49 INFO ColdDataPullRequestHoldService - ColdDataPullRequestHoldService service started
2025-07-30 20:25:49 INFO ColdDataCgCtrService - ColdDataCgCtrService service started
2025-07-30 20:26:09 INFO ColdDataPullRequestHoldService - checkColdPullRequest-info-finish, queueSize: 0 successTotal: 0 errorTotal: 0
2025-07-30 20:26:09 INFO ColdDataPullRequestHoldService - [OK] checkColdDataPullRequest-cost 1 ms.
2025-07-30 20:26:29 INFO ColdDataPullRequestHoldService - checkColdPullRequest-info-finish, queueSize: 0 successTotal: 0 errorTotal: 0
2025-07-30 20:26:29 INFO ColdDataPullRequestHoldService - [OK] checkColdDataPullRequest-cost 0 ms.
2025-07-30 20:26:49 INFO ColdDataPullRequestHoldService - checkColdPullRequest-info-finish, queueSize: 0 successTotal: 0 errorTotal: 0
2025-07-30 20:26:49 INFO ColdDataPullRequestHoldService - [OK] checkColdDataPullRequest-cost 1 ms.
2025-07-30 20:31:07 INFO ColdDataPullRequestHoldService - ColdDataPullRequestHoldService service started
2025-07-30 20:31:07 INFO ColdDataCgCtrService - ColdDataCgCtrService service started
2025-07-30 20:31:27 INFO ColdDataPullRequestHoldService - checkColdPullRequest-info-finish, queueSize: 0 successTotal: 0 errorTotal: 0
2025-07-30 20:31:27 INFO ColdDataPullRequestHoldService - [OK] checkColdDataPullRequest-cost 1 ms.
2025-07-30 20:31:47 INFO ColdDataPullRequestHoldService - checkColdPullRequest-info-finish, queueSize: 0 successTotal: 0 errorTotal: 0
2025-07-30 20:31:47 INFO ColdDataPullRequestHoldService - [OK] checkColdDataPullRequest-cost 1 ms.
2025-07-30 20:32:07 INFO ColdDataPullRequestHoldService - checkColdPullRequest-info-finish, queueSize: 0 successTotal: 0 errorTotal: 0
2025-07-30 20:32:07 INFO ColdDataPullRequestHoldService - [OK] checkColdDataPullRequest-cost 1 ms.
2025-07-30 20:32:27 INFO ColdDataPullRequestHoldService - checkColdPullRequest-info-finish, queueSize: 0 successTotal: 0 errorTotal: 0
2025-07-30 20:32:27 INFO ColdDataPullRequestHoldService - [OK] checkColdDataPullRequest-cost 1 ms.
2025-07-30 20:32:47 INFO ColdDataPullRequestHoldService - checkColdPullRequest-info-finish, queueSize: 0 successTotal: 0 errorTotal: 0
2025-07-30 20:32:47 INFO ColdDataPullRequestHoldService - [OK] checkColdDataPullRequest-cost 1 ms.
2025-07-30 20:33:07 INFO ColdDataPullRequestHoldService - checkColdPullRequest-info-finish, queueSize: 0 successTotal: 0 errorTotal: 0
2025-07-30 20:33:07 INFO ColdDataPullRequestHoldService - [OK] checkColdDataPullRequest-cost 0 ms.
2025-07-30 20:33:27 INFO ColdDataPullRequestHoldService - checkColdPullRequest-info-finish, queueSize: 0 successTotal: 0 errorTotal: 0
2025-07-30 20:33:27 INFO ColdDataPullRequestHoldService - [OK] checkColdDataPullRequest-cost 1 ms.
2025-07-30 20:33:47 INFO ColdDataPullRequestHoldService - checkColdPullRequest-info-finish, queueSize: 0 successTotal: 0 errorTotal: 0
2025-07-30 20:33:47 INFO ColdDataPullRequestHoldService - [OK] checkColdDataPullRequest-cost 0 ms.
2025-07-30 20:34:07 INFO ColdDataCgCtrService - clearDataAcc cgColdThresholdMapRuntime key size: 0
2025-07-30 20:34:07 INFO ColdDataCgCtrService - [OK] clearTheDataAcc-cost 2 ms.
2025-07-30 20:34:07 INFO ColdDataPullRequestHoldService - checkColdPullRequest-info-finish, queueSize: 0 successTotal: 0 errorTotal: 0
2025-07-30 20:34:07 INFO ColdDataPullRequestHoldService - [OK] checkColdDataPullRequest-cost 2 ms.
2025-07-30 20:34:27 INFO ColdDataPullRequestHoldService - checkColdPullRequest-info-finish, queueSize: 0 successTotal: 0 errorTotal: 0
2025-07-30 20:34:27 INFO ColdDataPullRequestHoldService - [OK] checkColdDataPullRequest-cost 0 ms.
2025-07-30 20:34:47 INFO ColdDataPullRequestHoldService - checkColdPullRequest-info-finish, queueSize: 0 successTotal: 0 errorTotal: 0
2025-07-30 20:34:47 INFO ColdDataPullRequestHoldService - [OK] checkColdDataPullRequest-cost 0 ms.
2025-07-30 20:35:07 INFO ColdDataPullRequestHoldService - checkColdPullRequest-info-finish, queueSize: 0 successTotal: 0 errorTotal: 0
2025-07-30 20:35:07 INFO ColdDataPullRequestHoldService - [OK] checkColdDataPullRequest-cost 1 ms.
2025-07-30 20:35:27 INFO ColdDataPullRequestHoldService - checkColdPullRequest-info-finish, queueSize: 0 successTotal: 0 errorTotal: 0
2025-07-30 20:35:27 INFO ColdDataPullRequestHoldService - [OK] checkColdDataPullRequest-cost 1 ms.
2025-07-30 20:35:47 INFO ColdDataPullRequestHoldService - checkColdPullRequest-info-finish, queueSize: 0 successTotal: 0 errorTotal: 0
2025-07-30 20:35:47 INFO ColdDataPullRequestHoldService - [OK] checkColdDataPullRequest-cost 1 ms.
2025-07-30 20:36:07 INFO ColdDataPullRequestHoldService - checkColdPullRequest-info-finish, queueSize: 0 successTotal: 0 errorTotal: 0
2025-07-30 20:36:07 INFO ColdDataPullRequestHoldService - [OK] checkColdDataPullRequest-cost 0 ms.
2025-07-30 20:36:27 INFO ColdDataPullRequestHoldService - checkColdPullRequest-info-finish, queueSize: 0 successTotal: 0 errorTotal: 0
2025-07-30 20:36:27 INFO ColdDataPullRequestHoldService - [OK] checkColdDataPullRequest-cost 0 ms.
2025-07-30 20:36:47 INFO ColdDataPullRequestHoldService - checkColdPullRequest-info-finish, queueSize: 0 successTotal: 0 errorTotal: 0
2025-07-30 20:36:47 INFO ColdDataPullRequestHoldService - [OK] checkColdDataPullRequest-cost 1 ms.
2025-07-30 20:37:07 INFO ColdDataCgCtrService - clearDataAcc cgColdThresholdMapRuntime key size: 0
2025-07-30 20:37:07 INFO ColdDataCgCtrService - [OK] clearTheDataAcc-cost 0 ms.
2025-07-30 20:37:07 INFO ColdDataPullRequestHoldService - checkColdPullRequest-info-finish, queueSize: 0 successTotal: 0 errorTotal: 0
2025-07-30 20:37:07 INFO ColdDataPullRequestHoldService - [OK] checkColdDataPullRequest-cost 0 ms.
2025-07-30 20:37:27 INFO ColdDataPullRequestHoldService - checkColdPullRequest-info-finish, queueSize: 0 successTotal: 0 errorTotal: 0
2025-07-30 20:37:27 INFO ColdDataPullRequestHoldService - [OK] checkColdDataPullRequest-cost 1 ms.
2025-07-30 20:37:47 INFO ColdDataPullRequestHoldService - checkColdPullRequest-info-finish, queueSize: 0 successTotal: 0 errorTotal: 0
2025-07-30 20:37:47 INFO ColdDataPullRequestHoldService - [OK] checkColdDataPullRequest-cost 1 ms.
2025-07-30 20:38:07 INFO ColdDataPullRequestHoldService - checkColdPullRequest-info-finish, queueSize: 0 successTotal: 0 errorTotal: 0
2025-07-30 20:38:07 INFO ColdDataPullRequestHoldService - [OK] checkColdDataPullRequest-cost 0 ms.
2025-07-30 20:38:27 INFO ColdDataPullRequestHoldService - checkColdPullRequest-info-finish, queueSize: 0 successTotal: 0 errorTotal: 0
2025-07-30 20:38:27 INFO ColdDataPullRequestHoldService - [OK] checkColdDataPullRequest-cost 0 ms.
2025-07-30 20:38:47 INFO ColdDataPullRequestHoldService - checkColdPullRequest-info-finish, queueSize: 0 successTotal: 0 errorTotal: 0
2025-07-30 20:38:47 INFO ColdDataPullRequestHoldService - [OK] checkColdDataPullRequest-cost 1 ms.
2025-07-30 20:39:07 INFO ColdDataPullRequestHoldService - checkColdPullRequest-info-finish, queueSize: 0 successTotal: 0 errorTotal: 0
2025-07-30 20:39:07 INFO ColdDataPullRequestHoldService - [OK] checkColdDataPullRequest-cost 1 ms.
2025-07-30 20:39:27 INFO ColdDataPullRequestHoldService - checkColdPullRequest-info-finish, queueSize: 0 successTotal: 0 errorTotal: 0
2025-07-30 20:39:27 INFO ColdDataPullRequestHoldService - [OK] checkColdDataPullRequest-cost 1 ms.
2025-07-30 20:39:47 INFO ColdDataPullRequestHoldService - checkColdPullRequest-info-finish, queueSize: 0 successTotal: 0 errorTotal: 0
2025-07-30 20:39:47 INFO ColdDataPullRequestHoldService - [OK] checkColdDataPullRequest-cost 0 ms.
2025-07-30 20:40:07 INFO ColdDataCgCtrService - clearDataAcc cgColdThresholdMapRuntime key size: 0
2025-07-30 20:40:07 INFO ColdDataCgCtrService - [OK] clearTheDataAcc-cost 1 ms.
2025-07-30 20:40:07 INFO ColdDataPullRequestHoldService - checkColdPullRequest-info-finish, queueSize: 0 successTotal: 0 errorTotal: 0
2025-07-30 20:40:07 INFO ColdDataPullRequestHoldService - [OK] checkColdDataPullRequest-cost 0 ms.
2025-07-30 20:40:27 INFO ColdDataPullRequestHoldService - checkColdPullRequest-info-finish, queueSize: 0 successTotal: 0 errorTotal: 0
2025-07-30 20:40:27 INFO ColdDataPullRequestHoldService - [OK] checkColdDataPullRequest-cost 1 ms.
2025-07-30 20:48:19 INFO ColdDataPullRequestHoldService - ColdDataPullRequestHoldService service started
2025-07-30 20:48:19 INFO ColdDataCgCtrService - ColdDataCgCtrService service started
2025-07-30 20:48:39 INFO ColdDataPullRequestHoldService - checkColdPullRequest-info-finish, queueSize: 0 successTotal: 0 errorTotal: 0
2025-07-30 20:48:39 INFO ColdDataPullRequestHoldService - [OK] checkColdDataPullRequest-cost 1 ms.
2025-07-30 20:48:59 INFO ColdDataPullRequestHoldService - checkColdPullRequest-info-finish, queueSize: 0 successTotal: 0 errorTotal: 0
2025-07-30 20:48:59 INFO ColdDataPullRequestHoldService - [OK] checkColdDataPullRequest-cost 0 ms.
2025-07-30 20:49:19 INFO ColdDataPullRequestHoldService - checkColdPullRequest-info-finish, queueSize: 0 successTotal: 0 errorTotal: 0
2025-07-30 20:49:19 INFO ColdDataPullRequestHoldService - [OK] checkColdDataPullRequest-cost 1 ms.
2025-07-30 20:49:39 INFO ColdDataPullRequestHoldService - checkColdPullRequest-info-finish, queueSize: 0 successTotal: 0 errorTotal: 0
2025-07-30 20:49:39 INFO ColdDataPullRequestHoldService - [OK] checkColdDataPullRequest-cost 0 ms.
2025-07-30 20:49:59 INFO ColdDataPullRequestHoldService - checkColdPullRequest-info-finish, queueSize: 0 successTotal: 0 errorTotal: 0
2025-07-30 20:49:59 INFO ColdDataPullRequestHoldService - [OK] checkColdDataPullRequest-cost 0 ms.
2025-07-30 20:50:19 INFO ColdDataPullRequestHoldService - checkColdPullRequest-info-finish, queueSize: 0 successTotal: 0 errorTotal: 0
2025-07-30 20:50:19 INFO ColdDataPullRequestHoldService - [OK] checkColdDataPullRequest-cost 0 ms.
2025-07-30 20:50:39 INFO ColdDataPullRequestHoldService - checkColdPullRequest-info-finish, queueSize: 0 successTotal: 0 errorTotal: 0
2025-07-30 20:50:39 INFO ColdDataPullRequestHoldService - [OK] checkColdDataPullRequest-cost 0 ms.
2025-07-30 20:50:59 INFO ColdDataPullRequestHoldService - checkColdPullRequest-info-finish, queueSize: 0 successTotal: 0 errorTotal: 0
2025-07-30 20:50:59 INFO ColdDataPullRequestHoldService - [OK] checkColdDataPullRequest-cost 1 ms.
2025-07-30 20:51:19 INFO ColdDataCgCtrService - clearDataAcc cgColdThresholdMapRuntime key size: 0
2025-07-30 20:51:19 INFO ColdDataCgCtrService - [OK] clearTheDataAcc-cost 1 ms.
2025-07-30 20:51:19 INFO ColdDataPullRequestHoldService - checkColdPullRequest-info-finish, queueSize: 0 successTotal: 0 errorTotal: 0
2025-07-30 20:51:19 INFO ColdDataPullRequestHoldService - [OK] checkColdDataPullRequest-cost 0 ms.
2025-07-30 20:51:39 INFO ColdDataPullRequestHoldService - checkColdPullRequest-info-finish, queueSize: 0 successTotal: 0 errorTotal: 0
2025-07-30 20:51:39 INFO ColdDataPullRequestHoldService - [OK] checkColdDataPullRequest-cost 0 ms.
2025-07-30 20:51:59 INFO ColdDataPullRequestHoldService - checkColdPullRequest-info-finish, queueSize: 0 successTotal: 0 errorTotal: 0
2025-07-30 20:51:59 INFO ColdDataPullRequestHoldService - [OK] checkColdDataPullRequest-cost 0 ms.
2025-07-30 20:52:19 INFO ColdDataPullRequestHoldService - checkColdPullRequest-info-finish, queueSize: 0 successTotal: 0 errorTotal: 0
2025-07-30 20:52:19 INFO ColdDataPullRequestHoldService - [OK] checkColdDataPullRequest-cost 0 ms.
2025-07-30 20:52:39 INFO ColdDataPullRequestHoldService - checkColdPullRequest-info-finish, queueSize: 0 successTotal: 0 errorTotal: 0
2025-07-30 20:52:39 INFO ColdDataPullRequestHoldService - [OK] checkColdDataPullRequest-cost 0 ms.
2025-07-30 20:52:59 INFO ColdDataPullRequestHoldService - checkColdPullRequest-info-finish, queueSize: 0 successTotal: 0 errorTotal: 0
2025-07-30 20:52:59 INFO ColdDataPullRequestHoldService - [OK] checkColdDataPullRequest-cost 0 ms.
2025-07-30 20:53:19 INFO ColdDataPullRequestHoldService - checkColdPullRequest-info-finish, queueSize: 0 successTotal: 0 errorTotal: 0
2025-07-30 20:53:19 INFO ColdDataPullRequestHoldService - [OK] checkColdDataPullRequest-cost 0 ms.
2025-07-30 20:53:39 INFO ColdDataPullRequestHoldService - checkColdPullRequest-info-finish, queueSize: 0 successTotal: 0 errorTotal: 0
2025-07-30 20:53:39 INFO ColdDataPullRequestHoldService - [OK] checkColdDataPullRequest-cost 1 ms.
2025-07-30 20:53:59 INFO ColdDataPullRequestHoldService - checkColdPullRequest-info-finish, queueSize: 0 successTotal: 0 errorTotal: 0
2025-07-30 20:53:59 INFO ColdDataPullRequestHoldService - [OK] checkColdDataPullRequest-cost 0 ms.
2025-07-30 20:54:19 INFO ColdDataCgCtrService - clearDataAcc cgColdThresholdMapRuntime key size: 0
2025-07-30 20:54:19 INFO ColdDataCgCtrService - [OK] clearTheDataAcc-cost 0 ms.
2025-07-30 20:54:19 INFO ColdDataPullRequestHoldService - checkColdPullRequest-info-finish, queueSize: 0 successTotal: 0 errorTotal: 0
2025-07-30 20:54:19 INFO ColdDataPullRequestHoldService - [OK] checkColdDataPullRequest-cost 0 ms.
2025-07-30 20:54:39 INFO ColdDataPullRequestHoldService - checkColdPullRequest-info-finish, queueSize: 0 successTotal: 0 errorTotal: 0
2025-07-30 20:54:39 INFO ColdDataPullRequestHoldService - [OK] checkColdDataPullRequest-cost 1 ms.
2025-07-30 20:54:59 INFO ColdDataPullRequestHoldService - checkColdPullRequest-info-finish, queueSize: 0 successTotal: 0 errorTotal: 0
2025-07-30 20:54:59 INFO ColdDataPullRequestHoldService - [OK] checkColdDataPullRequest-cost 0 ms.
2025-07-30 20:55:19 INFO ColdDataPullRequestHoldService - checkColdPullRequest-info-finish, queueSize: 0 successTotal: 0 errorTotal: 0
2025-07-30 20:55:19 INFO ColdDataPullRequestHoldService - [OK] checkColdDataPullRequest-cost 0 ms.
2025-07-30 20:55:39 INFO ColdDataPullRequestHoldService - checkColdPullRequest-info-finish, queueSize: 0 successTotal: 0 errorTotal: 0
2025-07-30 20:55:39 INFO ColdDataPullRequestHoldService - [OK] checkColdDataPullRequest-cost 0 ms.
2025-07-30 20:55:59 INFO ColdDataPullRequestHoldService - checkColdPullRequest-info-finish, queueSize: 0 successTotal: 0 errorTotal: 0
2025-07-30 20:55:59 INFO ColdDataPullRequestHoldService - [OK] checkColdDataPullRequest-cost 0 ms.
2025-07-30 20:56:19 INFO ColdDataPullRequestHoldService - checkColdPullRequest-info-finish, queueSize: 0 successTotal: 0 errorTotal: 0
2025-07-30 20:56:19 INFO ColdDataPullRequestHoldService - [OK] checkColdDataPullRequest-cost 0 ms.
2025-07-30 20:56:39 INFO ColdDataPullRequestHoldService - checkColdPullRequest-info-finish, queueSize: 0 successTotal: 0 errorTotal: 0
2025-07-30 20:56:39 INFO ColdDataPullRequestHoldService - [OK] checkColdDataPullRequest-cost 1 ms.
2025-07-30 20:56:59 INFO ColdDataPullRequestHoldService - checkColdPullRequest-info-finish, queueSize: 0 successTotal: 0 errorTotal: 0
2025-07-30 20:56:59 INFO ColdDataPullRequestHoldService - [OK] checkColdDataPullRequest-cost 0 ms.
2025-07-30 20:57:19 INFO ColdDataCgCtrService - clearDataAcc cgColdThresholdMapRuntime key size: 0
2025-07-30 20:57:19 INFO ColdDataCgCtrService - [OK] clearTheDataAcc-cost 0 ms.
2025-07-30 20:57:19 INFO ColdDataPullRequestHoldService - checkColdPullRequest-info-finish, queueSize: 0 successTotal: 0 errorTotal: 0
2025-07-30 20:57:19 INFO ColdDataPullRequestHoldService - [OK] checkColdDataPullRequest-cost 0 ms.
2025-07-30 20:57:39 INFO ColdDataPullRequestHoldService - checkColdPullRequest-info-finish, queueSize: 0 successTotal: 0 errorTotal: 0
2025-07-30 20:57:39 INFO ColdDataPullRequestHoldService - [OK] checkColdDataPullRequest-cost 0 ms.
2025-07-30 20:57:59 INFO ColdDataPullRequestHoldService - checkColdPullRequest-info-finish, queueSize: 0 successTotal: 0 errorTotal: 0
2025-07-30 20:57:59 INFO ColdDataPullRequestHoldService - [OK] checkColdDataPullRequest-cost 5 ms.
2025-07-30 20:58:19 INFO ColdDataPullRequestHoldService - checkColdPullRequest-info-finish, queueSize: 0 successTotal: 0 errorTotal: 0
2025-07-30 20:58:19 INFO ColdDataPullRequestHoldService - [OK] checkColdDataPullRequest-cost 1 ms.
2025-07-30 20:58:39 INFO ColdDataPullRequestHoldService - checkColdPullRequest-info-finish, queueSize: 0 successTotal: 0 errorTotal: 0
2025-07-30 20:58:39 INFO ColdDataPullRequestHoldService - [OK] checkColdDataPullRequest-cost 1 ms.
2025-07-30 20:58:59 INFO ColdDataPullRequestHoldService - checkColdPullRequest-info-finish, queueSize: 0 successTotal: 0 errorTotal: 0
2025-07-30 20:58:59 INFO ColdDataPullRequestHoldService - [OK] checkColdDataPullRequest-cost 1 ms.
2025-07-30 20:59:19 INFO ColdDataPullRequestHoldService - checkColdPullRequest-info-finish, queueSize: 0 successTotal: 0 errorTotal: 0
2025-07-30 20:59:19 INFO ColdDataPullRequestHoldService - [OK] checkColdDataPullRequest-cost 1 ms.
2025-07-30 20:59:39 INFO ColdDataPullRequestHoldService - checkColdPullRequest-info-finish, queueSize: 0 successTotal: 0 errorTotal: 0
2025-07-30 20:59:39 INFO ColdDataPullRequestHoldService - [OK] checkColdDataPullRequest-cost 0 ms.
2025-07-30 20:59:59 INFO ColdDataPullRequestHoldService - checkColdPullRequest-info-finish, queueSize: 0 successTotal: 0 errorTotal: 0
2025-07-30 20:59:59 INFO ColdDataPullRequestHoldService - [OK] checkColdDataPullRequest-cost 0 ms.
2025-07-30 21:00:19 INFO ColdDataCgCtrService - clearDataAcc cgColdThresholdMapRuntime key size: 0
2025-07-30 21:00:19 INFO ColdDataCgCtrService - [OK] clearTheDataAcc-cost 0 ms.
2025-07-30 21:00:19 INFO ColdDataPullRequestHoldService - checkColdPullRequest-info-finish, queueSize: 0 successTotal: 0 errorTotal: 0
2025-07-30 21:00:19 INFO ColdDataPullRequestHoldService - [OK] checkColdDataPullRequest-cost 0 ms.
2025-07-30 21:00:39 INFO ColdDataPullRequestHoldService - checkColdPullRequest-info-finish, queueSize: 0 successTotal: 0 errorTotal: 0
2025-07-30 21:00:39 INFO ColdDataPullRequestHoldService - [OK] checkColdDataPullRequest-cost 1 ms.
2025-07-30 21:00:59 INFO ColdDataPullRequestHoldService - checkColdPullRequest-info-finish, queueSize: 0 successTotal: 0 errorTotal: 0
2025-07-30 21:00:59 INFO ColdDataPullRequestHoldService - [OK] checkColdDataPullRequest-cost 1 ms.
2025-07-30 21:01:19 INFO ColdDataPullRequestHoldService - checkColdPullRequest-info-finish, queueSize: 0 successTotal: 0 errorTotal: 0
2025-07-30 21:01:19 INFO ColdDataPullRequestHoldService - [OK] checkColdDataPullRequest-cost 1 ms.
2025-07-30 21:01:39 INFO ColdDataPullRequestHoldService - checkColdPullRequest-info-finish, queueSize: 0 successTotal: 0 errorTotal: 0
2025-07-30 21:01:39 INFO ColdDataPullRequestHoldService - [OK] checkColdDataPullRequest-cost 1 ms.
2025-07-30 21:01:59 INFO ColdDataPullRequestHoldService - checkColdPullRequest-info-finish, queueSize: 0 successTotal: 0 errorTotal: 0
2025-07-30 21:01:59 INFO ColdDataPullRequestHoldService - [OK] checkColdDataPullRequest-cost 0 ms.
2025-07-30 21:02:19 INFO ColdDataPullRequestHoldService - checkColdPullRequest-info-finish, queueSize: 0 successTotal: 0 errorTotal: 0
2025-07-30 21:02:19 INFO ColdDataPullRequestHoldService - [OK] checkColdDataPullRequest-cost 0 ms.
2025-07-30 21:02:39 INFO ColdDataPullRequestHoldService - checkColdPullRequest-info-finish, queueSize: 0 successTotal: 0 errorTotal: 0
2025-07-30 21:02:39 INFO ColdDataPullRequestHoldService - [OK] checkColdDataPullRequest-cost 0 ms.
2025-07-30 21:02:59 INFO ColdDataPullRequestHoldService - checkColdPullRequest-info-finish, queueSize: 0 successTotal: 0 errorTotal: 0
2025-07-30 21:02:59 INFO ColdDataPullRequestHoldService - [OK] checkColdDataPullRequest-cost 1 ms.
2025-07-30 21:03:19 INFO ColdDataCgCtrService - clearDataAcc cgColdThresholdMapRuntime key size: 0
2025-07-30 21:03:19 INFO ColdDataCgCtrService - [OK] clearTheDataAcc-cost 0 ms.
2025-07-30 21:03:19 INFO ColdDataPullRequestHoldService - checkColdPullRequest-info-finish, queueSize: 0 successTotal: 0 errorTotal: 0
2025-07-30 21:03:19 INFO ColdDataPullRequestHoldService - [OK] checkColdDataPullRequest-cost 0 ms.
2025-07-30 21:03:39 INFO ColdDataPullRequestHoldService - checkColdPullRequest-info-finish, queueSize: 0 successTotal: 0 errorTotal: 0
2025-07-30 21:03:39 INFO ColdDataPullRequestHoldService - [OK] checkColdDataPullRequest-cost 0 ms.
2025-07-30 21:03:59 INFO ColdDataPullRequestHoldService - checkColdPullRequest-info-finish, queueSize: 0 successTotal: 0 errorTotal: 0
2025-07-30 21:03:59 INFO ColdDataPullRequestHoldService - [OK] checkColdDataPullRequest-cost 1 ms.
2025-07-30 21:04:19 INFO ColdDataPullRequestHoldService - checkColdPullRequest-info-finish, queueSize: 0 successTotal: 0 errorTotal: 0
2025-07-30 21:04:19 INFO ColdDataPullRequestHoldService - [OK] checkColdDataPullRequest-cost 0 ms.
2025-07-30 21:04:39 INFO ColdDataPullRequestHoldService - checkColdPullRequest-info-finish, queueSize: 0 successTotal: 0 errorTotal: 0
2025-07-30 21:04:39 INFO ColdDataPullRequestHoldService - [OK] checkColdDataPullRequest-cost 0 ms.
2025-07-30 21:04:59 INFO ColdDataPullRequestHoldService - checkColdPullRequest-info-finish, queueSize: 0 successTotal: 0 errorTotal: 0
2025-07-30 21:04:59 INFO ColdDataPullRequestHoldService - [OK] checkColdDataPullRequest-cost 0 ms.
2025-07-30 21:05:19 INFO ColdDataPullRequestHoldService - checkColdPullRequest-info-finish, queueSize: 0 successTotal: 0 errorTotal: 0
2025-07-30 21:05:19 INFO ColdDataPullRequestHoldService - [OK] checkColdDataPullRequest-cost 0 ms.
2025-07-30 21:05:39 INFO ColdDataPullRequestHoldService - checkColdPullRequest-info-finish, queueSize: 0 successTotal: 0 errorTotal: 0
2025-07-30 21:05:39 INFO ColdDataPullRequestHoldService - [OK] checkColdDataPullRequest-cost 0 ms.
2025-07-30 21:05:59 INFO ColdDataPullRequestHoldService - checkColdPullRequest-info-finish, queueSize: 0 successTotal: 0 errorTotal: 0
2025-07-30 21:05:59 INFO ColdDataPullRequestHoldService - [OK] checkColdDataPullRequest-cost 0 ms.
2025-07-30 21:06:19 INFO ColdDataCgCtrService - clearDataAcc cgColdThresholdMapRuntime key size: 0
2025-07-30 21:06:19 INFO ColdDataCgCtrService - [OK] clearTheDataAcc-cost 1 ms.
2025-07-30 21:06:19 INFO ColdDataPullRequestHoldService - checkColdPullRequest-info-finish, queueSize: 0 successTotal: 0 errorTotal: 0
2025-07-30 21:06:19 INFO ColdDataPullRequestHoldService - [OK] checkColdDataPullRequest-cost 0 ms.
2025-07-30 21:06:39 INFO ColdDataPullRequestHoldService - checkColdPullRequest-info-finish, queueSize: 0 successTotal: 0 errorTotal: 0
2025-07-30 21:06:39 INFO ColdDataPullRequestHoldService - [OK] checkColdDataPullRequest-cost 0 ms.
2025-07-30 21:06:59 INFO ColdDataPullRequestHoldService - checkColdPullRequest-info-finish, queueSize: 0 successTotal: 0 errorTotal: 0
2025-07-30 21:06:59 INFO ColdDataPullRequestHoldService - [OK] checkColdDataPullRequest-cost 0 ms.
2025-07-30 21:07:19 INFO ColdDataPullRequestHoldService - checkColdPullRequest-info-finish, queueSize: 0 successTotal: 0 errorTotal: 0
2025-07-30 21:07:19 INFO ColdDataPullRequestHoldService - [OK] checkColdDataPullRequest-cost 0 ms.
2025-07-30 21:07:39 INFO ColdDataPullRequestHoldService - checkColdPullRequest-info-finish, queueSize: 0 successTotal: 0 errorTotal: 0
2025-07-30 21:07:39 INFO ColdDataPullRequestHoldService - [OK] checkColdDataPullRequest-cost 0 ms.
2025-07-30 21:07:59 INFO ColdDataPullRequestHoldService - checkColdPullRequest-info-finish, queueSize: 0 successTotal: 0 errorTotal: 0
2025-07-30 21:07:59 INFO ColdDataPullRequestHoldService - [OK] checkColdDataPullRequest-cost 0 ms.
2025-07-30 21:08:19 INFO ColdDataPullRequestHoldService - checkColdPullRequest-info-finish, queueSize: 0 successTotal: 0 errorTotal: 0
2025-07-30 21:08:19 INFO ColdDataPullRequestHoldService - [OK] checkColdDataPullRequest-cost 1 ms.
2025-07-30 21:08:39 INFO ColdDataPullRequestHoldService - checkColdPullRequest-info-finish, queueSize: 0 successTotal: 0 errorTotal: 0
2025-07-30 21:08:39 INFO ColdDataPullRequestHoldService - [OK] checkColdDataPullRequest-cost 1 ms.
2025-07-30 21:08:59 INFO ColdDataPullRequestHoldService - checkColdPullRequest-info-finish, queueSize: 0 successTotal: 0 errorTotal: 0
2025-07-30 21:08:59 INFO ColdDataPullRequestHoldService - [OK] checkColdDataPullRequest-cost 1 ms.
2025-07-30 21:09:19 INFO ColdDataCgCtrService - clearDataAcc cgColdThresholdMapRuntime key size: 0
2025-07-30 21:09:19 INFO ColdDataCgCtrService - [OK] clearTheDataAcc-cost 0 ms.
2025-07-30 21:09:19 INFO ColdDataPullRequestHoldService - checkColdPullRequest-info-finish, queueSize: 0 successTotal: 0 errorTotal: 0
2025-07-30 21:09:19 INFO ColdDataPullRequestHoldService - [OK] checkColdDataPullRequest-cost 0 ms.
2025-07-30 21:09:39 INFO ColdDataPullRequestHoldService - checkColdPullRequest-info-finish, queueSize: 0 successTotal: 0 errorTotal: 0
2025-07-30 21:09:39 INFO ColdDataPullRequestHoldService - [OK] checkColdDataPullRequest-cost 0 ms.
2025-07-30 21:09:59 INFO ColdDataPullRequestHoldService - checkColdPullRequest-info-finish, queueSize: 0 successTotal: 0 errorTotal: 0
2025-07-30 21:09:59 INFO ColdDataPullRequestHoldService - [OK] checkColdDataPullRequest-cost 0 ms.
2025-07-30 21:10:19 INFO ColdDataPullRequestHoldService - checkColdPullRequest-info-finish, queueSize: 0 successTotal: 0 errorTotal: 0
2025-07-30 21:10:19 INFO ColdDataPullRequestHoldService - [OK] checkColdDataPullRequest-cost 0 ms.
2025-07-30 21:10:39 INFO ColdDataPullRequestHoldService - checkColdPullRequest-info-finish, queueSize: 0 successTotal: 0 errorTotal: 0
2025-07-30 21:10:39 INFO ColdDataPullRequestHoldService - [OK] checkColdDataPullRequest-cost 1 ms.
2025-07-30 21:10:59 INFO ColdDataPullRequestHoldService - checkColdPullRequest-info-finish, queueSize: 0 successTotal: 0 errorTotal: 0
2025-07-30 21:10:59 INFO ColdDataPullRequestHoldService - [OK] checkColdDataPullRequest-cost 1 ms.
2025-07-30 21:11:19 INFO ColdDataPullRequestHoldService - checkColdPullRequest-info-finish, queueSize: 0 successTotal: 0 errorTotal: 0
2025-07-30 21:11:19 INFO ColdDataPullRequestHoldService - [OK] checkColdDataPullRequest-cost 1 ms.
2025-07-30 21:11:39 INFO ColdDataPullRequestHoldService - checkColdPullRequest-info-finish, queueSize: 0 successTotal: 0 errorTotal: 0
2025-07-30 21:11:39 INFO ColdDataPullRequestHoldService - [OK] checkColdDataPullRequest-cost 1 ms.
2025-07-30 21:11:59 INFO ColdDataPullRequestHoldService - checkColdPullRequest-info-finish, queueSize: 0 successTotal: 0 errorTotal: 0
2025-07-30 21:11:59 INFO ColdDataPullRequestHoldService - [OK] checkColdDataPullRequest-cost 1 ms.
2025-07-30 21:12:19 INFO ColdDataCgCtrService - clearDataAcc cgColdThresholdMapRuntime key size: 0
2025-07-30 21:12:19 INFO ColdDataCgCtrService - [OK] clearTheDataAcc-cost 1 ms.
2025-07-30 21:12:19 INFO ColdDataPullRequestHoldService - checkColdPullRequest-info-finish, queueSize: 0 successTotal: 0 errorTotal: 0
2025-07-30 21:12:19 INFO ColdDataPullRequestHoldService - [OK] checkColdDataPullRequest-cost 0 ms.
2025-07-30 21:12:39 INFO ColdDataPullRequestHoldService - checkColdPullRequest-info-finish, queueSize: 0 successTotal: 0 errorTotal: 0
2025-07-30 21:12:39 INFO ColdDataPullRequestHoldService - [OK] checkColdDataPullRequest-cost 0 ms.
2025-07-30 21:12:59 INFO ColdDataPullRequestHoldService - checkColdPullRequest-info-finish, queueSize: 0 successTotal: 0 errorTotal: 0
2025-07-30 21:12:59 INFO ColdDataPullRequestHoldService - [OK] checkColdDataPullRequest-cost 1 ms.
2025-07-30 21:13:19 INFO ColdDataPullRequestHoldService - checkColdPullRequest-info-finish, queueSize: 0 successTotal: 0 errorTotal: 0
2025-07-30 21:13:19 INFO ColdDataPullRequestHoldService - [OK] checkColdDataPullRequest-cost 1 ms.
2025-07-30 21:13:39 INFO ColdDataPullRequestHoldService - checkColdPullRequest-info-finish, queueSize: 0 successTotal: 0 errorTotal: 0
2025-07-30 21:13:39 INFO ColdDataPullRequestHoldService - [OK] checkColdDataPullRequest-cost 0 ms.
2025-07-30 21:13:59 INFO ColdDataPullRequestHoldService - checkColdPullRequest-info-finish, queueSize: 0 successTotal: 0 errorTotal: 0
2025-07-30 21:13:59 INFO ColdDataPullRequestHoldService - [OK] checkColdDataPullRequest-cost 0 ms.
2025-07-30 21:14:19 INFO ColdDataPullRequestHoldService - checkColdPullRequest-info-finish, queueSize: 0 successTotal: 0 errorTotal: 0
2025-07-30 21:14:19 INFO ColdDataPullRequestHoldService - [OK] checkColdDataPullRequest-cost 0 ms.
2025-07-30 21:14:39 INFO ColdDataPullRequestHoldService - checkColdPullRequest-info-finish, queueSize: 0 successTotal: 0 errorTotal: 0
2025-07-30 21:14:39 INFO ColdDataPullRequestHoldService - [OK] checkColdDataPullRequest-cost 0 ms.
2025-07-30 21:14:59 INFO ColdDataPullRequestHoldService - checkColdPullRequest-info-finish, queueSize: 0 successTotal: 0 errorTotal: 0
2025-07-30 21:14:59 INFO ColdDataPullRequestHoldService - [OK] checkColdDataPullRequest-cost 0 ms.
2025-07-30 21:15:19 INFO ColdDataCgCtrService - clearDataAcc cgColdThresholdMapRuntime key size: 0
2025-07-30 21:15:19 INFO ColdDataCgCtrService - [OK] clearTheDataAcc-cost 0 ms.
2025-07-30 21:15:19 INFO ColdDataPullRequestHoldService - checkColdPullRequest-info-finish, queueSize: 0 successTotal: 0 errorTotal: 0
2025-07-30 21:15:19 INFO ColdDataPullRequestHoldService - [OK] checkColdDataPullRequest-cost 1 ms.
2025-07-30 21:15:39 INFO ColdDataPullRequestHoldService - checkColdPullRequest-info-finish, queueSize: 0 successTotal: 0 errorTotal: 0
2025-07-30 21:15:39 INFO ColdDataPullRequestHoldService - [OK] checkColdDataPullRequest-cost 0 ms.
2025-07-30 21:15:59 INFO ColdDataPullRequestHoldService - checkColdPullRequest-info-finish, queueSize: 0 successTotal: 0 errorTotal: 0
2025-07-30 21:15:59 INFO ColdDataPullRequestHoldService - [OK] checkColdDataPullRequest-cost 1 ms.
2025-07-30 21:16:19 INFO ColdDataPullRequestHoldService - checkColdPullRequest-info-finish, queueSize: 0 successTotal: 0 errorTotal: 0
2025-07-30 21:16:19 INFO ColdDataPullRequestHoldService - [OK] checkColdDataPullRequest-cost 0 ms.
2025-07-30 21:16:39 INFO ColdDataPullRequestHoldService - checkColdPullRequest-info-finish, queueSize: 0 successTotal: 0 errorTotal: 0
2025-07-30 21:16:39 INFO ColdDataPullRequestHoldService - [OK] checkColdDataPullRequest-cost 0 ms.
2025-07-30 21:16:59 INFO ColdDataPullRequestHoldService - checkColdPullRequest-info-finish, queueSize: 0 successTotal: 0 errorTotal: 0
2025-07-30 21:16:59 INFO ColdDataPullRequestHoldService - [OK] checkColdDataPullRequest-cost 0 ms.
2025-07-30 21:17:19 INFO ColdDataPullRequestHoldService - checkColdPullRequest-info-finish, queueSize: 0 successTotal: 0 errorTotal: 0
2025-07-30 21:17:19 INFO ColdDataPullRequestHoldService - [OK] checkColdDataPullRequest-cost 1 ms.
2025-07-30 21:17:39 INFO ColdDataPullRequestHoldService - checkColdPullRequest-info-finish, queueSize: 0 successTotal: 0 errorTotal: 0
2025-07-30 21:17:39 INFO ColdDataPullRequestHoldService - [OK] checkColdDataPullRequest-cost 1 ms.
2025-07-30 21:17:59 INFO ColdDataPullRequestHoldService - checkColdPullRequest-info-finish, queueSize: 0 successTotal: 0 errorTotal: 0
2025-07-30 21:17:59 INFO ColdDataPullRequestHoldService - [OK] checkColdDataPullRequest-cost 1 ms.
2025-07-30 21:18:19 INFO ColdDataCgCtrService - clearDataAcc cgColdThresholdMapRuntime key size: 0
2025-07-30 21:18:19 INFO ColdDataCgCtrService - [OK] clearTheDataAcc-cost 1 ms.
2025-07-30 21:18:19 INFO ColdDataPullRequestHoldService - checkColdPullRequest-info-finish, queueSize: 0 successTotal: 0 errorTotal: 0
2025-07-30 21:18:19 INFO ColdDataPullRequestHoldService - [OK] checkColdDataPullRequest-cost 0 ms.
2025-07-30 21:18:39 INFO ColdDataPullRequestHoldService - checkColdPullRequest-info-finish, queueSize: 0 successTotal: 0 errorTotal: 0
2025-07-30 21:18:39 INFO ColdDataPullRequestHoldService - [OK] checkColdDataPullRequest-cost 0 ms.
2025-07-30 21:18:59 INFO ColdDataPullRequestHoldService - checkColdPullRequest-info-finish, queueSize: 0 successTotal: 0 errorTotal: 0
2025-07-30 21:18:59 INFO ColdDataPullRequestHoldService - [OK] checkColdDataPullRequest-cost 0 ms.
2025-07-30 21:19:19 INFO ColdDataPullRequestHoldService - checkColdPullRequest-info-finish, queueSize: 0 successTotal: 0 errorTotal: 0
2025-07-30 21:19:19 INFO ColdDataPullRequestHoldService - [OK] checkColdDataPullRequest-cost 1 ms.
2025-07-30 21:19:39 INFO ColdDataPullRequestHoldService - checkColdPullRequest-info-finish, queueSize: 0 successTotal: 0 errorTotal: 0
2025-07-30 21:19:39 INFO ColdDataPullRequestHoldService - [OK] checkColdDataPullRequest-cost 0 ms.
2025-07-30 21:19:59 INFO ColdDataPullRequestHoldService - checkColdPullRequest-info-finish, queueSize: 0 successTotal: 0 errorTotal: 0
2025-07-30 21:19:59 INFO ColdDataPullRequestHoldService - [OK] checkColdDataPullRequest-cost 0 ms.
2025-07-30 21:20:19 INFO ColdDataPullRequestHoldService - checkColdPullRequest-info-finish, queueSize: 0 successTotal: 0 errorTotal: 0
2025-07-30 21:20:19 INFO ColdDataPullRequestHoldService - [OK] checkColdDataPullRequest-cost 0 ms.
2025-07-30 21:20:39 INFO ColdDataPullRequestHoldService - checkColdPullRequest-info-finish, queueSize: 0 successTotal: 0 errorTotal: 0
2025-07-30 21:20:39 INFO ColdDataPullRequestHoldService - [OK] checkColdDataPullRequest-cost 1 ms.
2025-07-30 21:20:59 INFO ColdDataPullRequestHoldService - checkColdPullRequest-info-finish, queueSize: 0 successTotal: 0 errorTotal: 0
2025-07-30 21:20:59 INFO ColdDataPullRequestHoldService - [OK] checkColdDataPullRequest-cost 1 ms.
2025-07-30 21:21:19 INFO ColdDataCgCtrService - clearDataAcc cgColdThresholdMapRuntime key size: 0
2025-07-30 21:21:19 INFO ColdDataCgCtrService - [OK] clearTheDataAcc-cost 0 ms.
2025-07-30 21:21:19 INFO ColdDataPullRequestHoldService - checkColdPullRequest-info-finish, queueSize: 0 successTotal: 0 errorTotal: 0
2025-07-30 21:21:19 INFO ColdDataPullRequestHoldService - [OK] checkColdDataPullRequest-cost 0 ms.
2025-07-30 21:21:39 INFO ColdDataPullRequestHoldService - checkColdPullRequest-info-finish, queueSize: 0 successTotal: 0 errorTotal: 0
2025-07-30 21:21:39 INFO ColdDataPullRequestHoldService - [OK] checkColdDataPullRequest-cost 0 ms.
2025-07-30 21:21:59 INFO ColdDataPullRequestHoldService - checkColdPullRequest-info-finish, queueSize: 0 successTotal: 0 errorTotal: 0
2025-07-30 21:21:59 INFO ColdDataPullRequestHoldService - [OK] checkColdDataPullRequest-cost 0 ms.
2025-07-30 21:22:19 INFO ColdDataPullRequestHoldService - checkColdPullRequest-info-finish, queueSize: 0 successTotal: 0 errorTotal: 0
2025-07-30 21:22:19 INFO ColdDataPullRequestHoldService - [OK] checkColdDataPullRequest-cost 0 ms.
2025-07-30 21:22:39 INFO ColdDataPullRequestHoldService - checkColdPullRequest-info-finish, queueSize: 0 successTotal: 0 errorTotal: 0
2025-07-30 21:22:39 INFO ColdDataPullRequestHoldService - [OK] checkColdDataPullRequest-cost 0 ms.
2025-07-30 21:22:59 INFO ColdDataPullRequestHoldService - checkColdPullRequest-info-finish, queueSize: 0 successTotal: 0 errorTotal: 0
2025-07-30 21:22:59 INFO ColdDataPullRequestHoldService - [OK] checkColdDataPullRequest-cost 1 ms.
2025-07-30 21:23:19 INFO ColdDataPullRequestHoldService - checkColdPullRequest-info-finish, queueSize: 0 successTotal: 0 errorTotal: 0
2025-07-30 21:23:19 INFO ColdDataPullRequestHoldService - [OK] checkColdDataPullRequest-cost 1 ms.
2025-07-30 21:23:39 INFO ColdDataPullRequestHoldService - checkColdPullRequest-info-finish, queueSize: 0 successTotal: 0 errorTotal: 0
2025-07-30 21:23:39 INFO ColdDataPullRequestHoldService - [OK] checkColdDataPullRequest-cost 0 ms.
2025-07-30 21:23:59 INFO ColdDataPullRequestHoldService - checkColdPullRequest-info-finish, queueSize: 0 successTotal: 0 errorTotal: 0
2025-07-30 21:23:59 INFO ColdDataPullRequestHoldService - [OK] checkColdDataPullRequest-cost 1 ms.
2025-07-30 21:24:19 INFO ColdDataCgCtrService - clearDataAcc cgColdThresholdMapRuntime key size: 0
2025-07-30 21:24:19 INFO ColdDataCgCtrService - [OK] clearTheDataAcc-cost 0 ms.
2025-07-30 21:24:19 INFO ColdDataPullRequestHoldService - checkColdPullRequest-info-finish, queueSize: 0 successTotal: 0 errorTotal: 0
2025-07-30 21:24:19 INFO ColdDataPullRequestHoldService - [OK] checkColdDataPullRequest-cost 0 ms.
2025-07-30 21:24:39 INFO ColdDataPullRequestHoldService - checkColdPullRequest-info-finish, queueSize: 0 successTotal: 0 errorTotal: 0
2025-07-30 21:24:39 INFO ColdDataPullRequestHoldService - [OK] checkColdDataPullRequest-cost 1 ms.
2025-07-30 21:24:59 INFO ColdDataPullRequestHoldService - checkColdPullRequest-info-finish, queueSize: 0 successTotal: 0 errorTotal: 0
2025-07-30 21:24:59 INFO ColdDataPullRequestHoldService - [OK] checkColdDataPullRequest-cost 1 ms.
2025-07-30 21:25:19 INFO ColdDataPullRequestHoldService - checkColdPullRequest-info-finish, queueSize: 0 successTotal: 0 errorTotal: 0
2025-07-30 21:25:19 INFO ColdDataPullRequestHoldService - [OK] checkColdDataPullRequest-cost 1 ms.
2025-07-30 21:25:39 INFO ColdDataPullRequestHoldService - checkColdPullRequest-info-finish, queueSize: 0 successTotal: 0 errorTotal: 0
2025-07-30 21:25:39 INFO ColdDataPullRequestHoldService - [OK] checkColdDataPullRequest-cost 0 ms.
2025-07-30 21:25:59 INFO ColdDataPullRequestHoldService - checkColdPullRequest-info-finish, queueSize: 0 successTotal: 0 errorTotal: 0
2025-07-30 21:25:59 INFO ColdDataPullRequestHoldService - [OK] checkColdDataPullRequest-cost 0 ms.
2025-07-30 21:26:19 INFO ColdDataPullRequestHoldService - checkColdPullRequest-info-finish, queueSize: 0 successTotal: 0 errorTotal: 0
2025-07-30 21:26:19 INFO ColdDataPullRequestHoldService - [OK] checkColdDataPullRequest-cost 0 ms.
2025-07-30 21:26:39 INFO ColdDataPullRequestHoldService - checkColdPullRequest-info-finish, queueSize: 0 successTotal: 0 errorTotal: 0
2025-07-30 21:26:39 INFO ColdDataPullRequestHoldService - [OK] checkColdDataPullRequest-cost 0 ms.
2025-07-30 21:26:59 INFO ColdDataPullRequestHoldService - checkColdPullRequest-info-finish, queueSize: 0 successTotal: 0 errorTotal: 0
2025-07-30 21:26:59 INFO ColdDataPullRequestHoldService - [OK] checkColdDataPullRequest-cost 0 ms.
2025-07-30 21:27:19 INFO ColdDataCgCtrService - clearDataAcc cgColdThresholdMapRuntime key size: 0
2025-07-30 21:27:19 INFO ColdDataCgCtrService - [OK] clearTheDataAcc-cost 1 ms.
2025-07-30 21:27:19 INFO ColdDataPullRequestHoldService - checkColdPullRequest-info-finish, queueSize: 0 successTotal: 0 errorTotal: 0
2025-07-30 21:27:19 INFO ColdDataPullRequestHoldService - [OK] checkColdDataPullRequest-cost 1 ms.
2025-07-30 21:27:39 INFO ColdDataPullRequestHoldService - checkColdPullRequest-info-finish, queueSize: 0 successTotal: 0 errorTotal: 0
2025-07-30 21:27:39 INFO ColdDataPullRequestHoldService - [OK] checkColdDataPullRequest-cost 1 ms.
2025-07-30 21:27:59 INFO ColdDataPullRequestHoldService - checkColdPullRequest-info-finish, queueSize: 0 successTotal: 0 errorTotal: 0
2025-07-30 21:27:59 INFO ColdDataPullRequestHoldService - [OK] checkColdDataPullRequest-cost 1 ms.
2025-07-30 21:28:19 INFO ColdDataPullRequestHoldService - checkColdPullRequest-info-finish, queueSize: 0 successTotal: 0 errorTotal: 0
2025-07-30 21:28:19 INFO ColdDataPullRequestHoldService - [OK] checkColdDataPullRequest-cost 1 ms.
2025-07-30 21:28:39 INFO ColdDataPullRequestHoldService - checkColdPullRequest-info-finish, queueSize: 0 successTotal: 0 errorTotal: 0
2025-07-30 21:28:39 INFO ColdDataPullRequestHoldService - [OK] checkColdDataPullRequest-cost 0 ms.
2025-07-30 21:28:59 INFO ColdDataPullRequestHoldService - checkColdPullRequest-info-finish, queueSize: 0 successTotal: 0 errorTotal: 0
2025-07-30 21:28:59 INFO ColdDataPullRequestHoldService - [OK] checkColdDataPullRequest-cost 0 ms.
2025-07-30 21:29:19 INFO ColdDataPullRequestHoldService - checkColdPullRequest-info-finish, queueSize: 0 successTotal: 0 errorTotal: 0
2025-07-30 21:29:19 INFO ColdDataPullRequestHoldService - [OK] checkColdDataPullRequest-cost 0 ms.
2025-07-30 21:29:39 INFO ColdDataPullRequestHoldService - checkColdPullRequest-info-finish, queueSize: 0 successTotal: 0 errorTotal: 0
2025-07-30 21:29:39 INFO ColdDataPullRequestHoldService - [OK] checkColdDataPullRequest-cost 0 ms.
2025-07-30 21:29:59 INFO ColdDataPullRequestHoldService - checkColdPullRequest-info-finish, queueSize: 0 successTotal: 0 errorTotal: 0
2025-07-30 21:29:59 INFO ColdDataPullRequestHoldService - [OK] checkColdDataPullRequest-cost 1 ms.
2025-07-30 21:30:19 INFO ColdDataCgCtrService - clearDataAcc cgColdThresholdMapRuntime key size: 0
2025-07-30 21:30:19 INFO ColdDataCgCtrService - [OK] clearTheDataAcc-cost 0 ms.
2025-07-30 21:30:19 INFO ColdDataPullRequestHoldService - checkColdPullRequest-info-finish, queueSize: 0 successTotal: 0 errorTotal: 0
2025-07-30 21:30:19 INFO ColdDataPullRequestHoldService - [OK] checkColdDataPullRequest-cost 0 ms.
2025-07-30 21:30:39 INFO ColdDataPullRequestHoldService - checkColdPullRequest-info-finish, queueSize: 0 successTotal: 0 errorTotal: 0
2025-07-30 21:30:39 INFO ColdDataPullRequestHoldService - [OK] checkColdDataPullRequest-cost 0 ms.
2025-07-30 21:30:59 INFO ColdDataPullRequestHoldService - checkColdPullRequest-info-finish, queueSize: 0 successTotal: 0 errorTotal: 0
2025-07-30 21:30:59 INFO ColdDataPullRequestHoldService - [OK] checkColdDataPullRequest-cost 0 ms.
2025-07-30 21:31:19 INFO ColdDataPullRequestHoldService - checkColdPullRequest-info-finish, queueSize: 0 successTotal: 0 errorTotal: 0
2025-07-30 21:31:19 INFO ColdDataPullRequestHoldService - [OK] checkColdDataPullRequest-cost 0 ms.
2025-07-30 21:31:39 INFO ColdDataPullRequestHoldService - checkColdPullRequest-info-finish, queueSize: 0 successTotal: 0 errorTotal: 0
2025-07-30 21:31:39 INFO ColdDataPullRequestHoldService - [OK] checkColdDataPullRequest-cost 0 ms.
2025-07-30 21:31:59 INFO ColdDataPullRequestHoldService - checkColdPullRequest-info-finish, queueSize: 0 successTotal: 0 errorTotal: 0
2025-07-30 21:31:59 INFO ColdDataPullRequestHoldService - [OK] checkColdDataPullRequest-cost 0 ms.
2025-07-30 21:32:19 INFO ColdDataPullRequestHoldService - checkColdPullRequest-info-finish, queueSize: 0 successTotal: 0 errorTotal: 0
2025-07-30 21:32:19 INFO ColdDataPullRequestHoldService - [OK] checkColdDataPullRequest-cost 1 ms.
2025-07-30 21:32:39 INFO ColdDataPullRequestHoldService - checkColdPullRequest-info-finish, queueSize: 0 successTotal: 0 errorTotal: 0
2025-07-30 21:32:39 INFO ColdDataPullRequestHoldService - [OK] checkColdDataPullRequest-cost 1 ms.
2025-07-30 21:32:59 INFO ColdDataPullRequestHoldService - checkColdPullRequest-info-finish, queueSize: 0 successTotal: 0 errorTotal: 0
2025-07-30 21:32:59 INFO ColdDataPullRequestHoldService - [OK] checkColdDataPullRequest-cost 1 ms.
2025-07-30 21:33:19 INFO ColdDataCgCtrService - clearDataAcc cgColdThresholdMapRuntime key size: 0
2025-07-30 21:33:19 INFO ColdDataCgCtrService - [OK] clearTheDataAcc-cost 0 ms.
2025-07-30 21:33:19 INFO ColdDataPullRequestHoldService - checkColdPullRequest-info-finish, queueSize: 0 successTotal: 0 errorTotal: 0
2025-07-30 21:33:19 INFO ColdDataPullRequestHoldService - [OK] checkColdDataPullRequest-cost 0 ms.
2025-07-30 21:33:39 INFO ColdDataPullRequestHoldService - checkColdPullRequest-info-finish, queueSize: 0 successTotal: 0 errorTotal: 0
2025-07-30 21:33:39 INFO ColdDataPullRequestHoldService - [OK] checkColdDataPullRequest-cost 0 ms.
2025-07-30 21:33:59 INFO ColdDataPullRequestHoldService - checkColdPullRequest-info-finish, queueSize: 0 successTotal: 0 errorTotal: 0
2025-07-30 21:33:59 INFO ColdDataPullRequestHoldService - [OK] checkColdDataPullRequest-cost 0 ms.
2025-07-30 21:34:19 INFO ColdDataPullRequestHoldService - checkColdPullRequest-info-finish, queueSize: 0 successTotal: 0 errorTotal: 0
2025-07-30 21:34:19 INFO ColdDataPullRequestHoldService - [OK] checkColdDataPullRequest-cost 0 ms.
2025-07-30 21:34:39 INFO ColdDataPullRequestHoldService - checkColdPullRequest-info-finish, queueSize: 0 successTotal: 0 errorTotal: 0
2025-07-30 21:34:39 INFO ColdDataPullRequestHoldService - [OK] checkColdDataPullRequest-cost 0 ms.
2025-07-30 21:34:59 INFO ColdDataPullRequestHoldService - checkColdPullRequest-info-finish, queueSize: 0 successTotal: 0 errorTotal: 0
2025-07-30 21:34:59 INFO ColdDataPullRequestHoldService - [OK] checkColdDataPullRequest-cost 1 ms.
2025-07-30 21:35:19 INFO ColdDataPullRequestHoldService - checkColdPullRequest-info-finish, queueSize: 0 successTotal: 0 errorTotal: 0
2025-07-30 21:35:19 INFO ColdDataPullRequestHoldService - [OK] checkColdDataPullRequest-cost 1 ms.
2025-07-30 21:35:39 INFO ColdDataPullRequestHoldService - checkColdPullRequest-info-finish, queueSize: 0 successTotal: 0 errorTotal: 0
2025-07-30 21:35:39 INFO ColdDataPullRequestHoldService - [OK] checkColdDataPullRequest-cost 1 ms.
2025-07-30 21:35:59 INFO ColdDataPullRequestHoldService - checkColdPullRequest-info-finish, queueSize: 0 successTotal: 0 errorTotal: 0
2025-07-30 21:35:59 INFO ColdDataPullRequestHoldService - [OK] checkColdDataPullRequest-cost 1 ms.
2025-07-30 21:36:19 INFO ColdDataCgCtrService - clearDataAcc cgColdThresholdMapRuntime key size: 0
2025-07-30 21:36:19 INFO ColdDataCgCtrService - [OK] clearTheDataAcc-cost 1 ms.
2025-07-30 21:36:19 INFO ColdDataPullRequestHoldService - checkColdPullRequest-info-finish, queueSize: 0 successTotal: 0 errorTotal: 0
2025-07-30 21:36:19 INFO ColdDataPullRequestHoldService - [OK] checkColdDataPullRequest-cost 0 ms.
2025-07-30 21:36:39 INFO ColdDataPullRequestHoldService - checkColdPullRequest-info-finish, queueSize: 0 successTotal: 0 errorTotal: 0
2025-07-30 21:36:39 INFO ColdDataPullRequestHoldService - [OK] checkColdDataPullRequest-cost 0 ms.
2025-07-30 21:36:59 INFO ColdDataPullRequestHoldService - checkColdPullRequest-info-finish, queueSize: 0 successTotal: 0 errorTotal: 0
2025-07-30 21:36:59 INFO ColdDataPullRequestHoldService - [OK] checkColdDataPullRequest-cost 0 ms.
2025-07-30 21:37:19 INFO ColdDataPullRequestHoldService - checkColdPullRequest-info-finish, queueSize: 0 successTotal: 0 errorTotal: 0
2025-07-30 21:37:19 INFO ColdDataPullRequestHoldService - [OK] checkColdDataPullRequest-cost 0 ms.
2025-07-30 21:37:39 INFO ColdDataPullRequestHoldService - checkColdPullRequest-info-finish, queueSize: 0 successTotal: 0 errorTotal: 0
2025-07-30 21:37:39 INFO ColdDataPullRequestHoldService - [OK] checkColdDataPullRequest-cost 1 ms.
2025-07-30 21:37:59 INFO ColdDataPullRequestHoldService - checkColdPullRequest-info-finish, queueSize: 0 successTotal: 0 errorTotal: 0
2025-07-30 21:37:59 INFO ColdDataPullRequestHoldService - [OK] checkColdDataPullRequest-cost 0 ms.
2025-07-30 21:38:19 INFO ColdDataPullRequestHoldService - checkColdPullRequest-info-finish, queueSize: 0 successTotal: 0 errorTotal: 0
2025-07-30 21:38:19 INFO ColdDataPullRequestHoldService - [OK] checkColdDataPullRequest-cost 1 ms.
2025-07-30 21:38:39 INFO ColdDataPullRequestHoldService - checkColdPullRequest-info-finish, queueSize: 0 successTotal: 0 errorTotal: 0
2025-07-30 21:38:39 INFO ColdDataPullRequestHoldService - [OK] checkColdDataPullRequest-cost 1 ms.
2025-07-30 21:38:59 INFO ColdDataPullRequestHoldService - checkColdPullRequest-info-finish, queueSize: 0 successTotal: 0 errorTotal: 0
2025-07-30 21:38:59 INFO ColdDataPullRequestHoldService - [OK] checkColdDataPullRequest-cost 1 ms.
2025-07-30 21:39:19 INFO ColdDataCgCtrService - clearDataAcc cgColdThresholdMapRuntime key size: 0
2025-07-30 21:39:19 INFO ColdDataCgCtrService - [OK] clearTheDataAcc-cost 0 ms.
2025-07-30 21:39:19 INFO ColdDataPullRequestHoldService - checkColdPullRequest-info-finish, queueSize: 0 successTotal: 0 errorTotal: 0
2025-07-30 21:39:19 INFO ColdDataPullRequestHoldService - [OK] checkColdDataPullRequest-cost 0 ms.
2025-07-30 21:39:39 INFO ColdDataPullRequestHoldService - checkColdPullRequest-info-finish, queueSize: 0 successTotal: 0 errorTotal: 0
2025-07-30 21:39:39 INFO ColdDataPullRequestHoldService - [OK] checkColdDataPullRequest-cost 1 ms.
2025-07-30 21:39:59 INFO ColdDataPullRequestHoldService - checkColdPullRequest-info-finish, queueSize: 0 successTotal: 0 errorTotal: 0
2025-07-30 21:39:59 INFO ColdDataPullRequestHoldService - [OK] checkColdDataPullRequest-cost 1 ms.
2025-07-30 21:40:19 INFO ColdDataPullRequestHoldService - checkColdPullRequest-info-finish, queueSize: 0 successTotal: 0 errorTotal: 0
2025-07-30 21:40:19 INFO ColdDataPullRequestHoldService - [OK] checkColdDataPullRequest-cost 1 ms.
2025-07-30 21:40:39 INFO ColdDataPullRequestHoldService - checkColdPullRequest-info-finish, queueSize: 0 successTotal: 0 errorTotal: 0
2025-07-30 21:40:39 INFO ColdDataPullRequestHoldService - [OK] checkColdDataPullRequest-cost 0 ms.
2025-07-30 21:40:59 INFO ColdDataPullRequestHoldService - checkColdPullRequest-info-finish, queueSize: 0 successTotal: 0 errorTotal: 0
2025-07-30 21:40:59 INFO ColdDataPullRequestHoldService - [OK] checkColdDataPullRequest-cost 0 ms.
2025-07-30 21:41:19 INFO ColdDataPullRequestHoldService - checkColdPullRequest-info-finish, queueSize: 0 successTotal: 0 errorTotal: 0
2025-07-30 21:41:19 INFO ColdDataPullRequestHoldService - [OK] checkColdDataPullRequest-cost 0 ms.
2025-07-30 21:41:39 INFO ColdDataPullRequestHoldService - checkColdPullRequest-info-finish, queueSize: 0 successTotal: 0 errorTotal: 0
2025-07-30 21:41:39 INFO ColdDataPullRequestHoldService - [OK] checkColdDataPullRequest-cost 0 ms.
2025-07-30 21:41:59 INFO ColdDataPullRequestHoldService - checkColdPullRequest-info-finish, queueSize: 0 successTotal: 0 errorTotal: 0
2025-07-30 21:41:59 INFO ColdDataPullRequestHoldService - [OK] checkColdDataPullRequest-cost 0 ms.
2025-07-30 21:42:19 INFO ColdDataCgCtrService - clearDataAcc cgColdThresholdMapRuntime key size: 0
2025-07-30 21:42:19 INFO ColdDataCgCtrService - [OK] clearTheDataAcc-cost 0 ms.
2025-07-30 21:42:19 INFO ColdDataPullRequestHoldService - checkColdPullRequest-info-finish, queueSize: 0 successTotal: 0 errorTotal: 0
2025-07-30 21:42:19 INFO ColdDataPullRequestHoldService - [OK] checkColdDataPullRequest-cost 0 ms.
2025-07-30 21:42:39 INFO ColdDataPullRequestHoldService - checkColdPullRequest-info-finish, queueSize: 0 successTotal: 0 errorTotal: 0
2025-07-30 21:42:39 INFO ColdDataPullRequestHoldService - [OK] checkColdDataPullRequest-cost 1 ms.
2025-07-30 21:42:59 INFO ColdDataPullRequestHoldService - checkColdPullRequest-info-finish, queueSize: 0 successTotal: 0 errorTotal: 0
2025-07-30 21:42:59 INFO ColdDataPullRequestHoldService - [OK] checkColdDataPullRequest-cost 1 ms.
2025-07-30 21:43:19 INFO ColdDataPullRequestHoldService - checkColdPullRequest-info-finish, queueSize: 0 successTotal: 0 errorTotal: 0
2025-07-30 21:43:19 INFO ColdDataPullRequestHoldService - [OK] checkColdDataPullRequest-cost 0 ms.
2025-07-30 21:43:39 INFO ColdDataPullRequestHoldService - checkColdPullRequest-info-finish, queueSize: 0 successTotal: 0 errorTotal: 0
2025-07-30 21:43:39 INFO ColdDataPullRequestHoldService - [OK] checkColdDataPullRequest-cost 0 ms.
2025-07-30 21:43:59 INFO ColdDataPullRequestHoldService - checkColdPullRequest-info-finish, queueSize: 0 successTotal: 0 errorTotal: 0
2025-07-30 21:43:59 INFO ColdDataPullRequestHoldService - [OK] checkColdDataPullRequest-cost 0 ms.
2025-07-30 21:44:19 INFO ColdDataPullRequestHoldService - checkColdPullRequest-info-finish, queueSize: 0 successTotal: 0 errorTotal: 0
2025-07-30 21:44:19 INFO ColdDataPullRequestHoldService - [OK] checkColdDataPullRequest-cost 0 ms.
2025-07-30 21:44:39 INFO ColdDataPullRequestHoldService - checkColdPullRequest-info-finish, queueSize: 0 successTotal: 0 errorTotal: 0
2025-07-30 21:44:39 INFO ColdDataPullRequestHoldService - [OK] checkColdDataPullRequest-cost 1 ms.
2025-07-30 21:44:59 INFO ColdDataPullRequestHoldService - checkColdPullRequest-info-finish, queueSize: 0 successTotal: 0 errorTotal: 0
2025-07-30 21:44:59 INFO ColdDataPullRequestHoldService - [OK] checkColdDataPullRequest-cost 0 ms.
2025-07-30 21:45:19 INFO ColdDataCgCtrService - clearDataAcc cgColdThresholdMapRuntime key size: 0
2025-07-30 21:45:19 INFO ColdDataCgCtrService - [OK] clearTheDataAcc-cost 0 ms.
2025-07-30 21:45:19 INFO ColdDataPullRequestHoldService - checkColdPullRequest-info-finish, queueSize: 0 successTotal: 0 errorTotal: 0
2025-07-30 21:45:19 INFO ColdDataPullRequestHoldService - [OK] checkColdDataPullRequest-cost 0 ms.
2025-07-30 21:45:39 INFO ColdDataPullRequestHoldService - checkColdPullRequest-info-finish, queueSize: 0 successTotal: 0 errorTotal: 0
2025-07-30 21:45:39 INFO ColdDataPullRequestHoldService - [OK] checkColdDataPullRequest-cost 0 ms.
2025-07-30 21:45:59 INFO ColdDataPullRequestHoldService - checkColdPullRequest-info-finish, queueSize: 0 successTotal: 0 errorTotal: 0
2025-07-30 21:45:59 INFO ColdDataPullRequestHoldService - [OK] checkColdDataPullRequest-cost 0 ms.
2025-07-30 21:46:19 INFO ColdDataPullRequestHoldService - checkColdPullRequest-info-finish, queueSize: 0 successTotal: 0 errorTotal: 0
2025-07-30 21:46:19 INFO ColdDataPullRequestHoldService - [OK] checkColdDataPullRequest-cost 0 ms.
2025-07-30 21:46:39 INFO ColdDataPullRequestHoldService - checkColdPullRequest-info-finish, queueSize: 0 successTotal: 0 errorTotal: 0
2025-07-30 21:46:39 INFO ColdDataPullRequestHoldService - [OK] checkColdDataPullRequest-cost 0 ms.
2025-07-30 21:46:59 INFO ColdDataPullRequestHoldService - checkColdPullRequest-info-finish, queueSize: 0 successTotal: 0 errorTotal: 0
2025-07-30 21:46:59 INFO ColdDataPullRequestHoldService - [OK] checkColdDataPullRequest-cost 1 ms.
2025-07-30 21:47:19 INFO ColdDataPullRequestHoldService - checkColdPullRequest-info-finish, queueSize: 0 successTotal: 0 errorTotal: 0
2025-07-30 21:47:19 INFO ColdDataPullRequestHoldService - [OK] checkColdDataPullRequest-cost 0 ms.
2025-07-30 21:47:39 INFO ColdDataPullRequestHoldService - checkColdPullRequest-info-finish, queueSize: 0 successTotal: 0 errorTotal: 0
2025-07-30 21:47:39 INFO ColdDataPullRequestHoldService - [OK] checkColdDataPullRequest-cost 0 ms.
2025-07-30 21:47:59 INFO ColdDataPullRequestHoldService - checkColdPullRequest-info-finish, queueSize: 0 successTotal: 0 errorTotal: 0
2025-07-30 21:47:59 INFO ColdDataPullRequestHoldService - [OK] checkColdDataPullRequest-cost 0 ms.
2025-07-30 21:48:19 INFO ColdDataCgCtrService - clearDataAcc cgColdThresholdMapRuntime key size: 0
2025-07-30 21:48:19 INFO ColdDataCgCtrService - [OK] clearTheDataAcc-cost 0 ms.
2025-07-30 21:48:19 INFO ColdDataPullRequestHoldService - checkColdPullRequest-info-finish, queueSize: 0 successTotal: 0 errorTotal: 0
2025-07-30 21:48:19 INFO ColdDataPullRequestHoldService - [OK] checkColdDataPullRequest-cost 0 ms.
2025-07-30 21:48:39 INFO ColdDataPullRequestHoldService - checkColdPullRequest-info-finish, queueSize: 0 successTotal: 0 errorTotal: 0
2025-07-30 21:48:39 INFO ColdDataPullRequestHoldService - [OK] checkColdDataPullRequest-cost 0 ms.
2025-07-30 21:48:59 INFO ColdDataPullRequestHoldService - checkColdPullRequest-info-finish, queueSize: 0 successTotal: 0 errorTotal: 0
2025-07-30 21:48:59 INFO ColdDataPullRequestHoldService - [OK] checkColdDataPullRequest-cost 0 ms.
2025-07-30 21:49:19 INFO ColdDataPullRequestHoldService - checkColdPullRequest-info-finish, queueSize: 0 successTotal: 0 errorTotal: 0
2025-07-30 21:49:19 INFO ColdDataPullRequestHoldService - [OK] checkColdDataPullRequest-cost 1 ms.
2025-07-30 21:49:39 INFO ColdDataPullRequestHoldService - checkColdPullRequest-info-finish, queueSize: 0 successTotal: 0 errorTotal: 0
2025-07-30 21:49:39 INFO ColdDataPullRequestHoldService - [OK] checkColdDataPullRequest-cost 0 ms.
2025-07-30 21:49:59 INFO ColdDataPullRequestHoldService - checkColdPullRequest-info-finish, queueSize: 0 successTotal: 0 errorTotal: 0
2025-07-30 21:49:59 INFO ColdDataPullRequestHoldService - [OK] checkColdDataPullRequest-cost 0 ms.
2025-07-30 21:50:19 INFO ColdDataPullRequestHoldService - checkColdPullRequest-info-finish, queueSize: 0 successTotal: 0 errorTotal: 0
2025-07-30 21:50:19 INFO ColdDataPullRequestHoldService - [OK] checkColdDataPullRequest-cost 1 ms.
2025-07-30 21:50:39 INFO ColdDataPullRequestHoldService - checkColdPullRequest-info-finish, queueSize: 0 successTotal: 0 errorTotal: 0
2025-07-30 21:50:39 INFO ColdDataPullRequestHoldService - [OK] checkColdDataPullRequest-cost 1 ms.
2025-07-30 21:50:59 INFO ColdDataPullRequestHoldService - checkColdPullRequest-info-finish, queueSize: 0 successTotal: 0 errorTotal: 0
2025-07-30 21:50:59 INFO ColdDataPullRequestHoldService - [OK] checkColdDataPullRequest-cost 1 ms.
2025-07-30 21:51:19 INFO ColdDataCgCtrService - clearDataAcc cgColdThresholdMapRuntime key size: 0
2025-07-30 21:51:19 INFO ColdDataCgCtrService - [OK] clearTheDataAcc-cost 0 ms.
2025-07-30 21:51:19 INFO ColdDataPullRequestHoldService - checkColdPullRequest-info-finish, queueSize: 0 successTotal: 0 errorTotal: 0
2025-07-30 21:51:19 INFO ColdDataPullRequestHoldService - [OK] checkColdDataPullRequest-cost 0 ms.
2025-07-30 21:51:39 INFO ColdDataPullRequestHoldService - checkColdPullRequest-info-finish, queueSize: 0 successTotal: 0 errorTotal: 0
2025-07-30 21:51:39 INFO ColdDataPullRequestHoldService - [OK] checkColdDataPullRequest-cost 0 ms.
2025-07-30 21:51:59 INFO ColdDataPullRequestHoldService - checkColdPullRequest-info-finish, queueSize: 0 successTotal: 0 errorTotal: 0
2025-07-30 21:51:59 INFO ColdDataPullRequestHoldService - [OK] checkColdDataPullRequest-cost 0 ms.
2025-07-30 21:52:19 INFO ColdDataPullRequestHoldService - checkColdPullRequest-info-finish, queueSize: 0 successTotal: 0 errorTotal: 0
2025-07-30 21:52:19 INFO ColdDataPullRequestHoldService - [OK] checkColdDataPullRequest-cost 1 ms.
2025-07-30 21:52:39 INFO ColdDataPullRequestHoldService - checkColdPullRequest-info-finish, queueSize: 0 successTotal: 0 errorTotal: 0
2025-07-30 21:52:39 INFO ColdDataPullRequestHoldService - [OK] checkColdDataPullRequest-cost 1 ms.
2025-07-30 21:52:59 INFO ColdDataPullRequestHoldService - checkColdPullRequest-info-finish, queueSize: 0 successTotal: 0 errorTotal: 0
2025-07-30 21:52:59 INFO ColdDataPullRequestHoldService - [OK] checkColdDataPullRequest-cost 0 ms.
2025-07-30 21:53:19 INFO ColdDataPullRequestHoldService - checkColdPullRequest-info-finish, queueSize: 0 successTotal: 0 errorTotal: 0
2025-07-30 21:53:19 INFO ColdDataPullRequestHoldService - [OK] checkColdDataPullRequest-cost 0 ms.
2025-07-30 21:53:39 INFO ColdDataPullRequestHoldService - checkColdPullRequest-info-finish, queueSize: 0 successTotal: 0 errorTotal: 0
2025-07-30 21:53:39 INFO ColdDataPullRequestHoldService - [OK] checkColdDataPullRequest-cost 0 ms.
2025-07-30 21:53:59 INFO ColdDataPullRequestHoldService - checkColdPullRequest-info-finish, queueSize: 0 successTotal: 0 errorTotal: 0
2025-07-30 21:53:59 INFO ColdDataPullRequestHoldService - [OK] checkColdDataPullRequest-cost 0 ms.
2025-07-30 21:54:19 INFO ColdDataCgCtrService - clearDataAcc cgColdThresholdMapRuntime key size: 0
2025-07-30 21:54:19 INFO ColdDataCgCtrService - [OK] clearTheDataAcc-cost 0 ms.
2025-07-30 21:54:19 INFO ColdDataPullRequestHoldService - checkColdPullRequest-info-finish, queueSize: 0 successTotal: 0 errorTotal: 0
2025-07-30 21:54:19 INFO ColdDataPullRequestHoldService - [OK] checkColdDataPullRequest-cost 0 ms.
2025-07-30 21:54:39 INFO ColdDataPullRequestHoldService - checkColdPullRequest-info-finish, queueSize: 0 successTotal: 0 errorTotal: 0
2025-07-30 21:54:39 INFO ColdDataPullRequestHoldService - [OK] checkColdDataPullRequest-cost 0 ms.
2025-07-30 21:54:59 INFO ColdDataPullRequestHoldService - checkColdPullRequest-info-finish, queueSize: 0 successTotal: 0 errorTotal: 0
2025-07-30 21:54:59 INFO ColdDataPullRequestHoldService - [OK] checkColdDataPullRequest-cost 0 ms.
2025-07-30 21:55:19 INFO ColdDataPullRequestHoldService - checkColdPullRequest-info-finish, queueSize: 0 successTotal: 0 errorTotal: 0
2025-07-30 21:55:19 INFO ColdDataPullRequestHoldService - [OK] checkColdDataPullRequest-cost 1 ms.
2025-07-30 21:55:39 INFO ColdDataPullRequestHoldService - checkColdPullRequest-info-finish, queueSize: 0 successTotal: 0 errorTotal: 0
2025-07-30 21:55:39 INFO ColdDataPullRequestHoldService - [OK] checkColdDataPullRequest-cost 0 ms.
2025-07-30 21:55:59 INFO ColdDataPullRequestHoldService - checkColdPullRequest-info-finish, queueSize: 0 successTotal: 0 errorTotal: 0
2025-07-30 21:55:59 INFO ColdDataPullRequestHoldService - [OK] checkColdDataPullRequest-cost 1 ms.
2025-07-30 21:56:19 INFO ColdDataPullRequestHoldService - checkColdPullRequest-info-finish, queueSize: 0 successTotal: 0 errorTotal: 0
2025-07-30 21:56:19 INFO ColdDataPullRequestHoldService - [OK] checkColdDataPullRequest-cost 0 ms.
2025-07-30 21:56:39 INFO ColdDataPullRequestHoldService - checkColdPullRequest-info-finish, queueSize: 0 successTotal: 0 errorTotal: 0
2025-07-30 21:56:39 INFO ColdDataPullRequestHoldService - [OK] checkColdDataPullRequest-cost 0 ms.
2025-07-30 21:56:59 INFO ColdDataPullRequestHoldService - checkColdPullRequest-info-finish, queueSize: 0 successTotal: 0 errorTotal: 0
2025-07-30 21:56:59 INFO ColdDataPullRequestHoldService - [OK] checkColdDataPullRequest-cost 0 ms.
2025-07-30 21:57:19 INFO ColdDataCgCtrService - clearDataAcc cgColdThresholdMapRuntime key size: 0
2025-07-30 21:57:19 INFO ColdDataCgCtrService - [OK] clearTheDataAcc-cost 1 ms.
2025-07-30 21:57:19 INFO ColdDataPullRequestHoldService - checkColdPullRequest-info-finish, queueSize: 0 successTotal: 0 errorTotal: 0
2025-07-30 21:57:19 INFO ColdDataPullRequestHoldService - [OK] checkColdDataPullRequest-cost 0 ms.
2025-07-30 21:57:39 INFO ColdDataPullRequestHoldService - checkColdPullRequest-info-finish, queueSize: 0 successTotal: 0 errorTotal: 0
2025-07-30 21:57:39 INFO ColdDataPullRequestHoldService - [OK] checkColdDataPullRequest-cost 1 ms.
2025-07-30 21:57:59 INFO ColdDataPullRequestHoldService - checkColdPullRequest-info-finish, queueSize: 0 successTotal: 0 errorTotal: 0
2025-07-30 21:57:59 INFO ColdDataPullRequestHoldService - [OK] checkColdDataPullRequest-cost 1 ms.
2025-07-30 21:58:19 INFO ColdDataPullRequestHoldService - checkColdPullRequest-info-finish, queueSize: 0 successTotal: 0 errorTotal: 0
2025-07-30 21:58:19 INFO ColdDataPullRequestHoldService - [OK] checkColdDataPullRequest-cost 0 ms.
2025-07-30 21:58:39 INFO ColdDataPullRequestHoldService - checkColdPullRequest-info-finish, queueSize: 0 successTotal: 0 errorTotal: 0
2025-07-30 21:58:39 INFO ColdDataPullRequestHoldService - [OK] checkColdDataPullRequest-cost 0 ms.
2025-07-30 21:58:59 INFO ColdDataPullRequestHoldService - checkColdPullRequest-info-finish, queueSize: 0 successTotal: 0 errorTotal: 0
2025-07-30 21:58:59 INFO ColdDataPullRequestHoldService - [OK] checkColdDataPullRequest-cost 1 ms.
2025-07-30 21:59:19 INFO ColdDataPullRequestHoldService - checkColdPullRequest-info-finish, queueSize: 0 successTotal: 0 errorTotal: 0
2025-07-30 21:59:19 INFO ColdDataPullRequestHoldService - [OK] checkColdDataPullRequest-cost 0 ms.
2025-07-30 21:59:39 INFO ColdDataPullRequestHoldService - checkColdPullRequest-info-finish, queueSize: 0 successTotal: 0 errorTotal: 0
2025-07-30 21:59:39 INFO ColdDataPullRequestHoldService - [OK] checkColdDataPullRequest-cost 0 ms.
2025-07-30 21:59:59 INFO ColdDataPullRequestHoldService - checkColdPullRequest-info-finish, queueSize: 0 successTotal: 0 errorTotal: 0
2025-07-30 21:59:59 INFO ColdDataPullRequestHoldService - [OK] checkColdDataPullRequest-cost 1 ms.
2025-07-30 22:00:19 INFO ColdDataCgCtrService - clearDataAcc cgColdThresholdMapRuntime key size: 0
2025-07-30 22:00:19 INFO ColdDataCgCtrService - [OK] clearTheDataAcc-cost 1 ms.
2025-07-30 22:00:19 INFO ColdDataPullRequestHoldService - checkColdPullRequest-info-finish, queueSize: 0 successTotal: 0 errorTotal: 0
2025-07-30 22:00:19 INFO ColdDataPullRequestHoldService - [OK] checkColdDataPullRequest-cost 0 ms.
2025-07-30 22:00:39 INFO ColdDataPullRequestHoldService - checkColdPullRequest-info-finish, queueSize: 0 successTotal: 0 errorTotal: 0
2025-07-30 22:00:39 INFO ColdDataPullRequestHoldService - [OK] checkColdDataPullRequest-cost 1 ms.
2025-07-30 22:00:59 INFO ColdDataPullRequestHoldService - checkColdPullRequest-info-finish, queueSize: 0 successTotal: 0 errorTotal: 0
2025-07-30 22:00:59 INFO ColdDataPullRequestHoldService - [OK] checkColdDataPullRequest-cost 1 ms.
2025-07-30 22:01:19 INFO ColdDataPullRequestHoldService - checkColdPullRequest-info-finish, queueSize: 0 successTotal: 0 errorTotal: 0
2025-07-30 22:01:19 INFO ColdDataPullRequestHoldService - [OK] checkColdDataPullRequest-cost 0 ms.
2025-07-30 22:01:39 INFO ColdDataPullRequestHoldService - checkColdPullRequest-info-finish, queueSize: 0 successTotal: 0 errorTotal: 0
2025-07-30 22:01:39 INFO ColdDataPullRequestHoldService - [OK] checkColdDataPullRequest-cost 0 ms.
2025-07-30 22:01:59 INFO ColdDataPullRequestHoldService - checkColdPullRequest-info-finish, queueSize: 0 successTotal: 0 errorTotal: 0
2025-07-30 22:01:59 INFO ColdDataPullRequestHoldService - [OK] checkColdDataPullRequest-cost 0 ms.
2025-07-30 22:02:19 INFO ColdDataPullRequestHoldService - checkColdPullRequest-info-finish, queueSize: 0 successTotal: 0 errorTotal: 0
2025-07-30 22:02:19 INFO ColdDataPullRequestHoldService - [OK] checkColdDataPullRequest-cost 0 ms.
2025-07-30 22:02:39 INFO ColdDataPullRequestHoldService - checkColdPullRequest-info-finish, queueSize: 0 successTotal: 0 errorTotal: 0
2025-07-30 22:02:39 INFO ColdDataPullRequestHoldService - [OK] checkColdDataPullRequest-cost 1 ms.
2025-07-30 22:02:59 INFO ColdDataPullRequestHoldService - checkColdPullRequest-info-finish, queueSize: 0 successTotal: 0 errorTotal: 0
2025-07-30 22:02:59 INFO ColdDataPullRequestHoldService - [OK] checkColdDataPullRequest-cost 1 ms.
2025-07-30 22:03:19 INFO ColdDataCgCtrService - clearDataAcc cgColdThresholdMapRuntime key size: 0
2025-07-30 22:03:19 INFO ColdDataCgCtrService - [OK] clearTheDataAcc-cost 1 ms.
2025-07-30 22:03:19 INFO ColdDataPullRequestHoldService - checkColdPullRequest-info-finish, queueSize: 0 successTotal: 0 errorTotal: 0
2025-07-30 22:03:19 INFO ColdDataPullRequestHoldService - [OK] checkColdDataPullRequest-cost 0 ms.
2025-07-30 22:03:39 INFO ColdDataPullRequestHoldService - checkColdPullRequest-info-finish, queueSize: 0 successTotal: 0 errorTotal: 0
2025-07-30 22:03:39 INFO ColdDataPullRequestHoldService - [OK] checkColdDataPullRequest-cost 0 ms.
2025-07-30 22:03:59 INFO ColdDataPullRequestHoldService - checkColdPullRequest-info-finish, queueSize: 0 successTotal: 0 errorTotal: 0
2025-07-30 22:03:59 INFO ColdDataPullRequestHoldService - [OK] checkColdDataPullRequest-cost 0 ms.
2025-07-30 22:04:19 INFO ColdDataPullRequestHoldService - checkColdPullRequest-info-finish, queueSize: 0 successTotal: 0 errorTotal: 0
2025-07-30 22:04:19 INFO ColdDataPullRequestHoldService - [OK] checkColdDataPullRequest-cost 0 ms.
2025-07-30 22:04:39 INFO ColdDataPullRequestHoldService - checkColdPullRequest-info-finish, queueSize: 0 successTotal: 0 errorTotal: 0
2025-07-30 22:04:39 INFO ColdDataPullRequestHoldService - [OK] checkColdDataPullRequest-cost 1 ms.
2025-07-30 22:04:59 INFO ColdDataPullRequestHoldService - checkColdPullRequest-info-finish, queueSize: 0 successTotal: 0 errorTotal: 0
2025-07-30 22:04:59 INFO ColdDataPullRequestHoldService - [OK] checkColdDataPullRequest-cost 1 ms.
2025-07-30 22:05:19 INFO ColdDataPullRequestHoldService - checkColdPullRequest-info-finish, queueSize: 0 successTotal: 0 errorTotal: 0
2025-07-30 22:05:19 INFO ColdDataPullRequestHoldService - [OK] checkColdDataPullRequest-cost 0 ms.
2025-07-30 22:05:39 INFO ColdDataPullRequestHoldService - checkColdPullRequest-info-finish, queueSize: 0 successTotal: 0 errorTotal: 0
2025-07-30 22:05:39 INFO ColdDataPullRequestHoldService - [OK] checkColdDataPullRequest-cost 0 ms.
2025-07-30 22:05:59 INFO ColdDataPullRequestHoldService - checkColdPullRequest-info-finish, queueSize: 0 successTotal: 0 errorTotal: 0
2025-07-30 22:05:59 INFO ColdDataPullRequestHoldService - [OK] checkColdDataPullRequest-cost 0 ms.
2025-07-30 22:06:19 INFO ColdDataCgCtrService - clearDataAcc cgColdThresholdMapRuntime key size: 0
2025-07-30 22:06:19 INFO ColdDataCgCtrService - [OK] clearTheDataAcc-cost 0 ms.
2025-07-30 22:06:19 INFO ColdDataPullRequestHoldService - checkColdPullRequest-info-finish, queueSize: 0 successTotal: 0 errorTotal: 0
2025-07-30 22:06:19 INFO ColdDataPullRequestHoldService - [OK] checkColdDataPullRequest-cost 1 ms.
2025-07-30 22:06:39 INFO ColdDataPullRequestHoldService - checkColdPullRequest-info-finish, queueSize: 0 successTotal: 0 errorTotal: 0
2025-07-30 22:06:39 INFO ColdDataPullRequestHoldService - [OK] checkColdDataPullRequest-cost 0 ms.
2025-07-30 22:06:59 INFO ColdDataPullRequestHoldService - checkColdPullRequest-info-finish, queueSize: 0 successTotal: 0 errorTotal: 0
2025-07-30 22:06:59 INFO ColdDataPullRequestHoldService - [OK] checkColdDataPullRequest-cost 1 ms.
2025-07-30 22:07:19 INFO ColdDataPullRequestHoldService - checkColdPullRequest-info-finish, queueSize: 0 successTotal: 0 errorTotal: 0
2025-07-30 22:07:19 INFO ColdDataPullRequestHoldService - [OK] checkColdDataPullRequest-cost 0 ms.
2025-07-30 22:07:39 INFO ColdDataPullRequestHoldService - checkColdPullRequest-info-finish, queueSize: 0 successTotal: 0 errorTotal: 0
2025-07-30 22:07:39 INFO ColdDataPullRequestHoldService - [OK] checkColdDataPullRequest-cost 0 ms.
2025-07-30 22:07:59 INFO ColdDataPullRequestHoldService - checkColdPullRequest-info-finish, queueSize: 0 successTotal: 0 errorTotal: 0
2025-07-30 22:07:59 INFO ColdDataPullRequestHoldService - [OK] checkColdDataPullRequest-cost 0 ms.
2025-07-30 22:08:19 INFO ColdDataPullRequestHoldService - checkColdPullRequest-info-finish, queueSize: 0 successTotal: 0 errorTotal: 0
2025-07-30 22:08:19 INFO ColdDataPullRequestHoldService - [OK] checkColdDataPullRequest-cost 0 ms.
2025-07-30 22:08:39 INFO ColdDataPullRequestHoldService - checkColdPullRequest-info-finish, queueSize: 0 successTotal: 0 errorTotal: 0
2025-07-30 22:08:39 INFO ColdDataPullRequestHoldService - [OK] checkColdDataPullRequest-cost 1 ms.
2025-07-30 22:08:59 INFO ColdDataPullRequestHoldService - checkColdPullRequest-info-finish, queueSize: 0 successTotal: 0 errorTotal: 0
2025-07-30 22:08:59 INFO ColdDataPullRequestHoldService - [OK] checkColdDataPullRequest-cost 0 ms.
2025-07-30 22:09:19 INFO ColdDataCgCtrService - clearDataAcc cgColdThresholdMapRuntime key size: 0
2025-07-30 22:09:19 INFO ColdDataCgCtrService - [OK] clearTheDataAcc-cost 1 ms.
2025-07-30 22:09:19 INFO ColdDataPullRequestHoldService - checkColdPullRequest-info-finish, queueSize: 0 successTotal: 0 errorTotal: 0
2025-07-30 22:09:19 INFO ColdDataPullRequestHoldService - [OK] checkColdDataPullRequest-cost 0 ms.
2025-07-30 22:09:39 INFO ColdDataPullRequestHoldService - checkColdPullRequest-info-finish, queueSize: 0 successTotal: 0 errorTotal: 0
2025-07-30 22:09:39 INFO ColdDataPullRequestHoldService - [OK] checkColdDataPullRequest-cost 1 ms.
2025-07-30 22:09:59 INFO ColdDataPullRequestHoldService - checkColdPullRequest-info-finish, queueSize: 0 successTotal: 0 errorTotal: 0
2025-07-30 22:09:59 INFO ColdDataPullRequestHoldService - [OK] checkColdDataPullRequest-cost 0 ms.
2025-07-30 22:10:19 INFO ColdDataPullRequestHoldService - checkColdPullRequest-info-finish, queueSize: 0 successTotal: 0 errorTotal: 0
2025-07-30 22:10:19 INFO ColdDataPullRequestHoldService - [OK] checkColdDataPullRequest-cost 1 ms.
2025-07-30 22:10:39 INFO ColdDataPullRequestHoldService - checkColdPullRequest-info-finish, queueSize: 0 successTotal: 0 errorTotal: 0
2025-07-30 22:10:39 INFO ColdDataPullRequestHoldService - [OK] checkColdDataPullRequest-cost 0 ms.
2025-07-30 22:10:59 INFO ColdDataPullRequestHoldService - checkColdPullRequest-info-finish, queueSize: 0 successTotal: 0 errorTotal: 0
2025-07-30 22:10:59 INFO ColdDataPullRequestHoldService - [OK] checkColdDataPullRequest-cost 0 ms.
2025-07-30 22:11:19 INFO ColdDataPullRequestHoldService - checkColdPullRequest-info-finish, queueSize: 0 successTotal: 0 errorTotal: 0
2025-07-30 22:11:19 INFO ColdDataPullRequestHoldService - [OK] checkColdDataPullRequest-cost 1 ms.
2025-07-30 22:11:39 INFO ColdDataPullRequestHoldService - checkColdPullRequest-info-finish, queueSize: 0 successTotal: 0 errorTotal: 0
2025-07-30 22:11:39 INFO ColdDataPullRequestHoldService - [OK] checkColdDataPullRequest-cost 0 ms.
2025-07-30 22:11:59 INFO ColdDataPullRequestHoldService - checkColdPullRequest-info-finish, queueSize: 0 successTotal: 0 errorTotal: 0
2025-07-30 22:11:59 INFO ColdDataPullRequestHoldService - [OK] checkColdDataPullRequest-cost 0 ms.
2025-07-30 22:12:19 INFO ColdDataCgCtrService - clearDataAcc cgColdThresholdMapRuntime key size: 0
2025-07-30 22:12:19 INFO ColdDataCgCtrService - [OK] clearTheDataAcc-cost 1 ms.
2025-07-30 22:12:19 INFO ColdDataPullRequestHoldService - checkColdPullRequest-info-finish, queueSize: 0 successTotal: 0 errorTotal: 0
2025-07-30 22:12:19 INFO ColdDataPullRequestHoldService - [OK] checkColdDataPullRequest-cost 0 ms.
2025-07-30 22:12:39 INFO ColdDataPullRequestHoldService - checkColdPullRequest-info-finish, queueSize: 0 successTotal: 0 errorTotal: 0
2025-07-30 22:12:39 INFO ColdDataPullRequestHoldService - [OK] checkColdDataPullRequest-cost 1 ms.
2025-07-30 22:12:59 INFO ColdDataPullRequestHoldService - checkColdPullRequest-info-finish, queueSize: 0 successTotal: 0 errorTotal: 0
2025-07-30 22:12:59 INFO ColdDataPullRequestHoldService - [OK] checkColdDataPullRequest-cost 0 ms.
2025-07-30 22:13:19 INFO ColdDataPullRequestHoldService - checkColdPullRequest-info-finish, queueSize: 0 successTotal: 0 errorTotal: 0
2025-07-30 22:13:19 INFO ColdDataPullRequestHoldService - [OK] checkColdDataPullRequest-cost 0 ms.
2025-07-30 22:13:39 INFO ColdDataPullRequestHoldService - checkColdPullRequest-info-finish, queueSize: 0 successTotal: 0 errorTotal: 0
2025-07-30 22:13:39 INFO ColdDataPullRequestHoldService - [OK] checkColdDataPullRequest-cost 0 ms.
2025-07-30 22:13:59 INFO ColdDataPullRequestHoldService - checkColdPullRequest-info-finish, queueSize: 0 successTotal: 0 errorTotal: 0
2025-07-30 22:13:59 INFO ColdDataPullRequestHoldService - [OK] checkColdDataPullRequest-cost 1 ms.
2025-07-30 22:14:19 INFO ColdDataPullRequestHoldService - checkColdPullRequest-info-finish, queueSize: 0 successTotal: 0 errorTotal: 0
2025-07-30 22:14:19 INFO ColdDataPullRequestHoldService - [OK] checkColdDataPullRequest-cost 1 ms.
2025-07-30 22:14:39 INFO ColdDataPullRequestHoldService - checkColdPullRequest-info-finish, queueSize: 0 successTotal: 0 errorTotal: 0
2025-07-30 22:14:39 INFO ColdDataPullRequestHoldService - [OK] checkColdDataPullRequest-cost 0 ms.
2025-07-30 22:14:59 INFO ColdDataPullRequestHoldService - checkColdPullRequest-info-finish, queueSize: 0 successTotal: 0 errorTotal: 0
2025-07-30 22:14:59 INFO ColdDataPullRequestHoldService - [OK] checkColdDataPullRequest-cost 0 ms.
2025-07-30 22:15:19 INFO ColdDataCgCtrService - clearDataAcc cgColdThresholdMapRuntime key size: 0
2025-07-30 22:15:19 INFO ColdDataCgCtrService - [OK] clearTheDataAcc-cost 1 ms.
2025-07-30 22:15:19 INFO ColdDataPullRequestHoldService - checkColdPullRequest-info-finish, queueSize: 0 successTotal: 0 errorTotal: 0
2025-07-30 22:15:19 INFO ColdDataPullRequestHoldService - [OK] checkColdDataPullRequest-cost 0 ms.
2025-07-30 22:15:39 INFO ColdDataPullRequestHoldService - checkColdPullRequest-info-finish, queueSize: 0 successTotal: 0 errorTotal: 0
2025-07-30 22:15:39 INFO ColdDataPullRequestHoldService - [OK] checkColdDataPullRequest-cost 0 ms.
2025-07-30 22:15:59 INFO ColdDataPullRequestHoldService - checkColdPullRequest-info-finish, queueSize: 0 successTotal: 0 errorTotal: 0
2025-07-30 22:15:59 INFO ColdDataPullRequestHoldService - [OK] checkColdDataPullRequest-cost 1 ms.
2025-07-30 22:16:19 INFO ColdDataPullRequestHoldService - checkColdPullRequest-info-finish, queueSize: 0 successTotal: 0 errorTotal: 0
2025-07-30 22:16:19 INFO ColdDataPullRequestHoldService - [OK] checkColdDataPullRequest-cost 1 ms.
2025-07-30 22:16:39 INFO ColdDataPullRequestHoldService - checkColdPullRequest-info-finish, queueSize: 0 successTotal: 0 errorTotal: 0
2025-07-30 22:16:39 INFO ColdDataPullRequestHoldService - [OK] checkColdDataPullRequest-cost 0 ms.
2025-07-30 22:16:59 INFO ColdDataPullRequestHoldService - checkColdPullRequest-info-finish, queueSize: 0 successTotal: 0 errorTotal: 0
2025-07-30 22:16:59 INFO ColdDataPullRequestHoldService - [OK] checkColdDataPullRequest-cost 0 ms.
2025-07-30 22:17:19 INFO ColdDataPullRequestHoldService - checkColdPullRequest-info-finish, queueSize: 0 successTotal: 0 errorTotal: 0
2025-07-30 22:17:19 INFO ColdDataPullRequestHoldService - [OK] checkColdDataPullRequest-cost 1 ms.
2025-07-30 22:17:39 INFO ColdDataPullRequestHoldService - checkColdPullRequest-info-finish, queueSize: 0 successTotal: 0 errorTotal: 0
2025-07-30 22:17:39 INFO ColdDataPullRequestHoldService - [OK] checkColdDataPullRequest-cost 1 ms.
2025-07-30 22:17:59 INFO ColdDataPullRequestHoldService - checkColdPullRequest-info-finish, queueSize: 0 successTotal: 0 errorTotal: 0
2025-07-30 22:17:59 INFO ColdDataPullRequestHoldService - [OK] checkColdDataPullRequest-cost 0 ms.
2025-07-30 22:18:19 INFO ColdDataCgCtrService - clearDataAcc cgColdThresholdMapRuntime key size: 0
2025-07-30 22:18:19 INFO ColdDataCgCtrService - [OK] clearTheDataAcc-cost 0 ms.
2025-07-30 22:18:19 INFO ColdDataPullRequestHoldService - checkColdPullRequest-info-finish, queueSize: 0 successTotal: 0 errorTotal: 0
2025-07-30 22:18:19 INFO ColdDataPullRequestHoldService - [OK] checkColdDataPullRequest-cost 1 ms.
2025-07-30 22:18:39 INFO ColdDataPullRequestHoldService - checkColdPullRequest-info-finish, queueSize: 0 successTotal: 0 errorTotal: 0
2025-07-30 22:18:39 INFO ColdDataPullRequestHoldService - [OK] checkColdDataPullRequest-cost 0 ms.
2025-07-30 22:18:59 INFO ColdDataPullRequestHoldService - checkColdPullRequest-info-finish, queueSize: 0 successTotal: 0 errorTotal: 0
2025-07-30 22:18:59 INFO ColdDataPullRequestHoldService - [OK] checkColdDataPullRequest-cost 0 ms.
2025-07-30 22:19:19 INFO ColdDataPullRequestHoldService - checkColdPullRequest-info-finish, queueSize: 0 successTotal: 0 errorTotal: 0
2025-07-30 22:19:19 INFO ColdDataPullRequestHoldService - [OK] checkColdDataPullRequest-cost 0 ms.
2025-07-30 22:19:39 INFO ColdDataPullRequestHoldService - checkColdPullRequest-info-finish, queueSize: 0 successTotal: 0 errorTotal: 0
2025-07-30 22:19:39 INFO ColdDataPullRequestHoldService - [OK] checkColdDataPullRequest-cost 1 ms.
2025-07-30 22:19:59 INFO ColdDataPullRequestHoldService - checkColdPullRequest-info-finish, queueSize: 0 successTotal: 0 errorTotal: 0
2025-07-30 22:19:59 INFO ColdDataPullRequestHoldService - [OK] checkColdDataPullRequest-cost 1 ms.
2025-07-30 22:20:19 INFO ColdDataPullRequestHoldService - checkColdPullRequest-info-finish, queueSize: 0 successTotal: 0 errorTotal: 0
2025-07-30 22:20:19 INFO ColdDataPullRequestHoldService - [OK] checkColdDataPullRequest-cost 0 ms.
2025-07-30 22:20:39 INFO ColdDataPullRequestHoldService - checkColdPullRequest-info-finish, queueSize: 0 successTotal: 0 errorTotal: 0
2025-07-30 22:20:39 INFO ColdDataPullRequestHoldService - [OK] checkColdDataPullRequest-cost 1 ms.
2025-07-30 22:20:59 INFO ColdDataPullRequestHoldService - checkColdPullRequest-info-finish, queueSize: 0 successTotal: 0 errorTotal: 0
2025-07-30 22:20:59 INFO ColdDataPullRequestHoldService - [OK] checkColdDataPullRequest-cost 0 ms.
2025-07-30 22:21:19 INFO ColdDataCgCtrService - clearDataAcc cgColdThresholdMapRuntime key size: 0
2025-07-30 22:21:19 INFO ColdDataCgCtrService - [OK] clearTheDataAcc-cost 0 ms.
2025-07-30 22:21:19 INFO ColdDataPullRequestHoldService - checkColdPullRequest-info-finish, queueSize: 0 successTotal: 0 errorTotal: 0
2025-07-30 22:21:19 INFO ColdDataPullRequestHoldService - [OK] checkColdDataPullRequest-cost 0 ms.
2025-07-30 22:21:39 INFO ColdDataPullRequestHoldService - checkColdPullRequest-info-finish, queueSize: 0 successTotal: 0 errorTotal: 0
2025-07-30 22:21:39 INFO ColdDataPullRequestHoldService - [OK] checkColdDataPullRequest-cost 1 ms.
2025-07-30 22:21:59 INFO ColdDataPullRequestHoldService - checkColdPullRequest-info-finish, queueSize: 0 successTotal: 0 errorTotal: 0
2025-07-30 22:21:59 INFO ColdDataPullRequestHoldService - [OK] checkColdDataPullRequest-cost 0 ms.
2025-07-30 22:22:19 INFO ColdDataPullRequestHoldService - checkColdPullRequest-info-finish, queueSize: 0 successTotal: 0 errorTotal: 0
2025-07-30 22:22:19 INFO ColdDataPullRequestHoldService - [OK] checkColdDataPullRequest-cost 0 ms.
2025-07-30 22:22:39 INFO ColdDataPullRequestHoldService - checkColdPullRequest-info-finish, queueSize: 0 successTotal: 0 errorTotal: 0
2025-07-30 22:22:39 INFO ColdDataPullRequestHoldService - [OK] checkColdDataPullRequest-cost 0 ms.
2025-07-30 22:22:59 INFO ColdDataPullRequestHoldService - checkColdPullRequest-info-finish, queueSize: 0 successTotal: 0 errorTotal: 0
2025-07-30 22:22:59 INFO ColdDataPullRequestHoldService - [OK] checkColdDataPullRequest-cost 0 ms.
2025-07-30 22:23:19 INFO ColdDataPullRequestHoldService - checkColdPullRequest-info-finish, queueSize: 0 successTotal: 0 errorTotal: 0
2025-07-30 22:23:19 INFO ColdDataPullRequestHoldService - [OK] checkColdDataPullRequest-cost 1 ms.
2025-07-30 22:23:39 INFO ColdDataPullRequestHoldService - checkColdPullRequest-info-finish, queueSize: 0 successTotal: 0 errorTotal: 0
2025-07-30 22:23:39 INFO ColdDataPullRequestHoldService - [OK] checkColdDataPullRequest-cost 0 ms.
2025-07-30 22:23:59 INFO ColdDataPullRequestHoldService - checkColdPullRequest-info-finish, queueSize: 0 successTotal: 0 errorTotal: 0
2025-07-30 22:23:59 INFO ColdDataPullRequestHoldService - [OK] checkColdDataPullRequest-cost 1 ms.
2025-07-30 22:24:19 INFO ColdDataCgCtrService - clearDataAcc cgColdThresholdMapRuntime key size: 0
2025-07-30 22:24:19 INFO ColdDataCgCtrService - [OK] clearTheDataAcc-cost 0 ms.
2025-07-30 22:24:19 INFO ColdDataPullRequestHoldService - checkColdPullRequest-info-finish, queueSize: 0 successTotal: 0 errorTotal: 0
2025-07-30 22:24:19 INFO ColdDataPullRequestHoldService - [OK] checkColdDataPullRequest-cost 0 ms.
2025-07-30 22:24:39 INFO ColdDataPullRequestHoldService - checkColdPullRequest-info-finish, queueSize: 0 successTotal: 0 errorTotal: 0
2025-07-30 22:24:39 INFO ColdDataPullRequestHoldService - [OK] checkColdDataPullRequest-cost 1 ms.
2025-07-30 22:24:59 INFO ColdDataPullRequestHoldService - checkColdPullRequest-info-finish, queueSize: 0 successTotal: 0 errorTotal: 0
2025-07-30 22:24:59 INFO ColdDataPullRequestHoldService - [OK] checkColdDataPullRequest-cost 0 ms.
2025-07-30 22:25:19 INFO ColdDataPullRequestHoldService - checkColdPullRequest-info-finish, queueSize: 0 successTotal: 0 errorTotal: 0
2025-07-30 22:25:19 INFO ColdDataPullRequestHoldService - [OK] checkColdDataPullRequest-cost 0 ms.
2025-07-30 22:25:39 INFO ColdDataPullRequestHoldService - checkColdPullRequest-info-finish, queueSize: 0 successTotal: 0 errorTotal: 0
2025-07-30 22:25:39 INFO ColdDataPullRequestHoldService - [OK] checkColdDataPullRequest-cost 1 ms.
2025-07-30 22:25:59 INFO ColdDataPullRequestHoldService - checkColdPullRequest-info-finish, queueSize: 0 successTotal: 0 errorTotal: 0
2025-07-30 22:25:59 INFO ColdDataPullRequestHoldService - [OK] checkColdDataPullRequest-cost 0 ms.
2025-07-30 22:26:19 INFO ColdDataPullRequestHoldService - checkColdPullRequest-info-finish, queueSize: 0 successTotal: 0 errorTotal: 0
2025-07-30 22:26:19 INFO ColdDataPullRequestHoldService - [OK] checkColdDataPullRequest-cost 0 ms.
2025-07-30 22:26:39 INFO ColdDataPullRequestHoldService - checkColdPullRequest-info-finish, queueSize: 0 successTotal: 0 errorTotal: 0
2025-07-30 22:26:39 INFO ColdDataPullRequestHoldService - [OK] checkColdDataPullRequest-cost 1 ms.
2025-07-30 22:26:59 INFO ColdDataPullRequestHoldService - checkColdPullRequest-info-finish, queueSize: 0 successTotal: 0 errorTotal: 0
2025-07-30 22:26:59 INFO ColdDataPullRequestHoldService - [OK] checkColdDataPullRequest-cost 0 ms.
2025-07-30 22:27:19 INFO ColdDataCgCtrService - clearDataAcc cgColdThresholdMapRuntime key size: 0
2025-07-30 22:27:19 INFO ColdDataCgCtrService - [OK] clearTheDataAcc-cost 0 ms.
2025-07-30 22:27:19 INFO ColdDataPullRequestHoldService - checkColdPullRequest-info-finish, queueSize: 0 successTotal: 0 errorTotal: 0
2025-07-30 22:27:19 INFO ColdDataPullRequestHoldService - [OK] checkColdDataPullRequest-cost 0 ms.
2025-07-30 22:27:39 INFO ColdDataPullRequestHoldService - checkColdPullRequest-info-finish, queueSize: 0 successTotal: 0 errorTotal: 0
2025-07-30 22:27:39 INFO ColdDataPullRequestHoldService - [OK] checkColdDataPullRequest-cost 0 ms.
2025-07-30 22:27:59 INFO ColdDataPullRequestHoldService - checkColdPullRequest-info-finish, queueSize: 0 successTotal: 0 errorTotal: 0
2025-07-30 22:27:59 INFO ColdDataPullRequestHoldService - [OK] checkColdDataPullRequest-cost 1 ms.
2025-07-30 22:28:19 INFO ColdDataPullRequestHoldService - checkColdPullRequest-info-finish, queueSize: 0 successTotal: 0 errorTotal: 0
2025-07-30 22:28:19 INFO ColdDataPullRequestHoldService - [OK] checkColdDataPullRequest-cost 0 ms.
2025-07-30 22:28:39 INFO ColdDataPullRequestHoldService - checkColdPullRequest-info-finish, queueSize: 0 successTotal: 0 errorTotal: 0
2025-07-30 22:28:39 INFO ColdDataPullRequestHoldService - [OK] checkColdDataPullRequest-cost 1 ms.
2025-07-30 22:28:59 INFO ColdDataPullRequestHoldService - checkColdPullRequest-info-finish, queueSize: 0 successTotal: 0 errorTotal: 0
2025-07-30 22:28:59 INFO ColdDataPullRequestHoldService - [OK] checkColdDataPullRequest-cost 1 ms.
2025-07-30 22:29:19 INFO ColdDataPullRequestHoldService - checkColdPullRequest-info-finish, queueSize: 0 successTotal: 0 errorTotal: 0
2025-07-30 22:29:19 INFO ColdDataPullRequestHoldService - [OK] checkColdDataPullRequest-cost 1 ms.
2025-07-30 22:29:39 INFO ColdDataPullRequestHoldService - checkColdPullRequest-info-finish, queueSize: 0 successTotal: 0 errorTotal: 0
2025-07-30 22:29:39 INFO ColdDataPullRequestHoldService - [OK] checkColdDataPullRequest-cost 0 ms.
2025-07-30 22:29:59 INFO ColdDataPullRequestHoldService - checkColdPullRequest-info-finish, queueSize: 0 successTotal: 0 errorTotal: 0
2025-07-30 22:29:59 INFO ColdDataPullRequestHoldService - [OK] checkColdDataPullRequest-cost 0 ms.
2025-07-30 22:30:19 INFO ColdDataCgCtrService - clearDataAcc cgColdThresholdMapRuntime key size: 0
2025-07-30 22:30:19 INFO ColdDataCgCtrService - [OK] clearTheDataAcc-cost 0 ms.
2025-07-30 22:30:19 INFO ColdDataPullRequestHoldService - checkColdPullRequest-info-finish, queueSize: 0 successTotal: 0 errorTotal: 0
2025-07-30 22:30:19 INFO ColdDataPullRequestHoldService - [OK] checkColdDataPullRequest-cost 0 ms.
2025-07-30 22:30:39 INFO ColdDataPullRequestHoldService - checkColdPullRequest-info-finish, queueSize: 0 successTotal: 0 errorTotal: 0
2025-07-30 22:30:39 INFO ColdDataPullRequestHoldService - [OK] checkColdDataPullRequest-cost 1 ms.
2025-07-30 22:30:59 INFO ColdDataPullRequestHoldService - checkColdPullRequest-info-finish, queueSize: 0 successTotal: 0 errorTotal: 0
2025-07-30 22:30:59 INFO ColdDataPullRequestHoldService - [OK] checkColdDataPullRequest-cost 1 ms.
2025-07-30 22:31:19 INFO ColdDataPullRequestHoldService - checkColdPullRequest-info-finish, queueSize: 0 successTotal: 0 errorTotal: 0
2025-07-30 22:31:19 INFO ColdDataPullRequestHoldService - [OK] checkColdDataPullRequest-cost 1 ms.
2025-07-30 22:31:39 INFO ColdDataPullRequestHoldService - checkColdPullRequest-info-finish, queueSize: 0 successTotal: 0 errorTotal: 0
2025-07-30 22:31:39 INFO ColdDataPullRequestHoldService - [OK] checkColdDataPullRequest-cost 1 ms.
2025-07-30 22:31:59 INFO ColdDataPullRequestHoldService - checkColdPullRequest-info-finish, queueSize: 0 successTotal: 0 errorTotal: 0
2025-07-30 22:31:59 INFO ColdDataPullRequestHoldService - [OK] checkColdDataPullRequest-cost 1 ms.
2025-07-30 22:32:19 INFO ColdDataPullRequestHoldService - checkColdPullRequest-info-finish, queueSize: 0 successTotal: 0 errorTotal: 0
2025-07-30 22:32:19 INFO ColdDataPullRequestHoldService - [OK] checkColdDataPullRequest-cost 1 ms.
2025-07-30 22:32:39 INFO ColdDataPullRequestHoldService - checkColdPullRequest-info-finish, queueSize: 0 successTotal: 0 errorTotal: 0
2025-07-30 22:32:39 INFO ColdDataPullRequestHoldService - [OK] checkColdDataPullRequest-cost 1 ms.
2025-07-30 22:32:59 INFO ColdDataPullRequestHoldService - checkColdPullRequest-info-finish, queueSize: 0 successTotal: 0 errorTotal: 0
2025-07-30 22:32:59 INFO ColdDataPullRequestHoldService - [OK] checkColdDataPullRequest-cost 0 ms.
2025-07-30 22:33:19 INFO ColdDataCgCtrService - clearDataAcc cgColdThresholdMapRuntime key size: 0
2025-07-30 22:33:19 INFO ColdDataCgCtrService - [OK] clearTheDataAcc-cost 0 ms.
2025-07-30 22:33:19 INFO ColdDataPullRequestHoldService - checkColdPullRequest-info-finish, queueSize: 0 successTotal: 0 errorTotal: 0
2025-07-30 22:33:19 INFO ColdDataPullRequestHoldService - [OK] checkColdDataPullRequest-cost 0 ms.
2025-07-30 22:33:39 INFO ColdDataPullRequestHoldService - checkColdPullRequest-info-finish, queueSize: 0 successTotal: 0 errorTotal: 0
2025-07-30 22:33:39 INFO ColdDataPullRequestHoldService - [OK] checkColdDataPullRequest-cost 0 ms.
2025-07-30 22:33:59 INFO ColdDataPullRequestHoldService - checkColdPullRequest-info-finish, queueSize: 0 successTotal: 0 errorTotal: 0
2025-07-30 22:33:59 INFO ColdDataPullRequestHoldService - [OK] checkColdDataPullRequest-cost 0 ms.
2025-07-30 22:34:19 INFO ColdDataPullRequestHoldService - checkColdPullRequest-info-finish, queueSize: 0 successTotal: 0 errorTotal: 0
2025-07-30 22:34:19 INFO ColdDataPullRequestHoldService - [OK] checkColdDataPullRequest-cost 0 ms.
2025-07-30 22:34:39 INFO ColdDataPullRequestHoldService - checkColdPullRequest-info-finish, queueSize: 0 successTotal: 0 errorTotal: 0
2025-07-30 22:34:39 INFO ColdDataPullRequestHoldService - [OK] checkColdDataPullRequest-cost 1 ms.
2025-07-30 22:34:59 INFO ColdDataPullRequestHoldService - checkColdPullRequest-info-finish, queueSize: 0 successTotal: 0 errorTotal: 0
2025-07-30 22:34:59 INFO ColdDataPullRequestHoldService - [OK] checkColdDataPullRequest-cost 1 ms.
2025-07-30 22:35:19 INFO ColdDataPullRequestHoldService - checkColdPullRequest-info-finish, queueSize: 0 successTotal: 0 errorTotal: 0
2025-07-30 22:35:19 INFO ColdDataPullRequestHoldService - [OK] checkColdDataPullRequest-cost 1 ms.
2025-07-30 22:35:39 INFO ColdDataPullRequestHoldService - checkColdPullRequest-info-finish, queueSize: 0 successTotal: 0 errorTotal: 0
2025-07-30 22:35:39 INFO ColdDataPullRequestHoldService - [OK] checkColdDataPullRequest-cost 1 ms.
2025-07-30 22:35:59 INFO ColdDataPullRequestHoldService - checkColdPullRequest-info-finish, queueSize: 0 successTotal: 0 errorTotal: 0
2025-07-30 22:35:59 INFO ColdDataPullRequestHoldService - [OK] checkColdDataPullRequest-cost 1 ms.
2025-07-30 22:36:19 INFO ColdDataCgCtrService - clearDataAcc cgColdThresholdMapRuntime key size: 0
2025-07-30 22:36:19 INFO ColdDataCgCtrService - [OK] clearTheDataAcc-cost 1 ms.
2025-07-30 22:36:19 INFO ColdDataPullRequestHoldService - checkColdPullRequest-info-finish, queueSize: 0 successTotal: 0 errorTotal: 0
2025-07-30 22:36:19 INFO ColdDataPullRequestHoldService - [OK] checkColdDataPullRequest-cost 0 ms.
2025-07-30 22:36:39 INFO ColdDataPullRequestHoldService - checkColdPullRequest-info-finish, queueSize: 0 successTotal: 0 errorTotal: 0
2025-07-30 22:36:39 INFO ColdDataPullRequestHoldService - [OK] checkColdDataPullRequest-cost 0 ms.
2025-07-30 22:36:59 INFO ColdDataPullRequestHoldService - checkColdPullRequest-info-finish, queueSize: 0 successTotal: 0 errorTotal: 0
2025-07-30 22:36:59 INFO ColdDataPullRequestHoldService - [OK] checkColdDataPullRequest-cost 0 ms.
2025-07-30 22:37:19 INFO ColdDataPullRequestHoldService - checkColdPullRequest-info-finish, queueSize: 0 successTotal: 0 errorTotal: 0
2025-07-30 22:37:19 INFO ColdDataPullRequestHoldService - [OK] checkColdDataPullRequest-cost 0 ms.
2025-07-30 22:37:39 INFO ColdDataPullRequestHoldService - checkColdPullRequest-info-finish, queueSize: 0 successTotal: 0 errorTotal: 0
2025-07-30 22:37:39 INFO ColdDataPullRequestHoldService - [OK] checkColdDataPullRequest-cost 1 ms.
2025-07-30 22:37:59 INFO ColdDataPullRequestHoldService - checkColdPullRequest-info-finish, queueSize: 0 successTotal: 0 errorTotal: 0
2025-07-30 22:37:59 INFO ColdDataPullRequestHoldService - [OK] checkColdDataPullRequest-cost 1 ms.
2025-07-30 22:38:19 INFO ColdDataPullRequestHoldService - checkColdPullRequest-info-finish, queueSize: 0 successTotal: 0 errorTotal: 0
2025-07-30 22:38:19 INFO ColdDataPullRequestHoldService - [OK] checkColdDataPullRequest-cost 1 ms.
2025-07-30 22:38:39 INFO ColdDataPullRequestHoldService - checkColdPullRequest-info-finish, queueSize: 0 successTotal: 0 errorTotal: 0
2025-07-30 22:38:39 INFO ColdDataPullRequestHoldService - [OK] checkColdDataPullRequest-cost 0 ms.
2025-07-30 22:38:59 INFO ColdDataPullRequestHoldService - checkColdPullRequest-info-finish, queueSize: 0 successTotal: 0 errorTotal: 0
2025-07-30 22:38:59 INFO ColdDataPullRequestHoldService - [OK] checkColdDataPullRequest-cost 1 ms.
2025-07-30 22:39:19 INFO ColdDataCgCtrService - clearDataAcc cgColdThresholdMapRuntime key size: 0
2025-07-30 22:39:19 INFO ColdDataCgCtrService - [OK] clearTheDataAcc-cost 0 ms.
2025-07-30 22:39:19 INFO ColdDataPullRequestHoldService - checkColdPullRequest-info-finish, queueSize: 0 successTotal: 0 errorTotal: 0
2025-07-30 22:39:19 INFO ColdDataPullRequestHoldService - [OK] checkColdDataPullRequest-cost 1 ms.
2025-07-30 22:39:39 INFO ColdDataPullRequestHoldService - checkColdPullRequest-info-finish, queueSize: 0 successTotal: 0 errorTotal: 0
2025-07-30 22:39:39 INFO ColdDataPullRequestHoldService - [OK] checkColdDataPullRequest-cost 1 ms.
2025-07-30 22:39:59 INFO ColdDataPullRequestHoldService - checkColdPullRequest-info-finish, queueSize: 0 successTotal: 0 errorTotal: 0
2025-07-30 22:39:59 INFO ColdDataPullRequestHoldService - [OK] checkColdDataPullRequest-cost 1 ms.
2025-07-30 22:40:19 INFO ColdDataPullRequestHoldService - checkColdPullRequest-info-finish, queueSize: 0 successTotal: 0 errorTotal: 0
2025-07-30 22:40:19 INFO ColdDataPullRequestHoldService - [OK] checkColdDataPullRequest-cost 1 ms.
2025-07-30 22:40:39 INFO ColdDataPullRequestHoldService - checkColdPullRequest-info-finish, queueSize: 0 successTotal: 0 errorTotal: 0
2025-07-30 22:40:39 INFO ColdDataPullRequestHoldService - [OK] checkColdDataPullRequest-cost 1 ms.
2025-07-30 22:40:59 INFO ColdDataPullRequestHoldService - checkColdPullRequest-info-finish, queueSize: 0 successTotal: 0 errorTotal: 0
2025-07-30 22:40:59 INFO ColdDataPullRequestHoldService - [OK] checkColdDataPullRequest-cost 1 ms.
2025-07-30 22:41:19 INFO ColdDataPullRequestHoldService - checkColdPullRequest-info-finish, queueSize: 0 successTotal: 0 errorTotal: 0
2025-07-30 22:41:19 INFO ColdDataPullRequestHoldService - [OK] checkColdDataPullRequest-cost 1 ms.
2025-07-30 22:41:39 INFO ColdDataPullRequestHoldService - checkColdPullRequest-info-finish, queueSize: 0 successTotal: 0 errorTotal: 0
2025-07-30 22:41:39 INFO ColdDataPullRequestHoldService - [OK] checkColdDataPullRequest-cost 1 ms.
2025-07-30 22:41:59 INFO ColdDataPullRequestHoldService - checkColdPullRequest-info-finish, queueSize: 0 successTotal: 0 errorTotal: 0
2025-07-30 22:41:59 INFO ColdDataPullRequestHoldService - [OK] checkColdDataPullRequest-cost 1 ms.
2025-07-30 22:42:19 INFO ColdDataCgCtrService - clearDataAcc cgColdThresholdMapRuntime key size: 0
2025-07-30 22:42:19 INFO ColdDataCgCtrService - [OK] clearTheDataAcc-cost 0 ms.
2025-07-30 22:42:19 INFO ColdDataPullRequestHoldService - checkColdPullRequest-info-finish, queueSize: 0 successTotal: 0 errorTotal: 0
2025-07-30 22:42:19 INFO ColdDataPullRequestHoldService - [OK] checkColdDataPullRequest-cost 1 ms.
2025-07-30 22:42:39 INFO ColdDataPullRequestHoldService - checkColdPullRequest-info-finish, queueSize: 0 successTotal: 0 errorTotal: 0
2025-07-30 22:42:39 INFO ColdDataPullRequestHoldService - [OK] checkColdDataPullRequest-cost 0 ms.
2025-07-30 22:42:59 INFO ColdDataPullRequestHoldService - checkColdPullRequest-info-finish, queueSize: 0 successTotal: 0 errorTotal: 0
2025-07-30 22:42:59 INFO ColdDataPullRequestHoldService - [OK] checkColdDataPullRequest-cost 1 ms.
2025-07-30 22:43:19 INFO ColdDataPullRequestHoldService - checkColdPullRequest-info-finish, queueSize: 0 successTotal: 0 errorTotal: 0
2025-07-30 22:43:19 INFO ColdDataPullRequestHoldService - [OK] checkColdDataPullRequest-cost 1 ms.
2025-07-30 22:43:39 INFO ColdDataPullRequestHoldService - checkColdPullRequest-info-finish, queueSize: 0 successTotal: 0 errorTotal: 0
2025-07-30 22:43:39 INFO ColdDataPullRequestHoldService - [OK] checkColdDataPullRequest-cost 1 ms.
2025-07-30 22:43:59 INFO ColdDataPullRequestHoldService - checkColdPullRequest-info-finish, queueSize: 0 successTotal: 0 errorTotal: 0
2025-07-30 22:43:59 INFO ColdDataPullRequestHoldService - [OK] checkColdDataPullRequest-cost 1 ms.
2025-07-30 22:44:19 INFO ColdDataPullRequestHoldService - checkColdPullRequest-info-finish, queueSize: 0 successTotal: 0 errorTotal: 0
2025-07-30 22:44:19 INFO ColdDataPullRequestHoldService - [OK] checkColdDataPullRequest-cost 1 ms.
2025-07-30 22:44:39 INFO ColdDataPullRequestHoldService - checkColdPullRequest-info-finish, queueSize: 0 successTotal: 0 errorTotal: 0
2025-07-30 22:44:39 INFO ColdDataPullRequestHoldService - [OK] checkColdDataPullRequest-cost 0 ms.
2025-07-30 22:44:59 INFO ColdDataPullRequestHoldService - checkColdPullRequest-info-finish, queueSize: 0 successTotal: 0 errorTotal: 0
2025-07-30 22:44:59 INFO ColdDataPullRequestHoldService - [OK] checkColdDataPullRequest-cost 0 ms.
2025-07-30 22:45:19 INFO ColdDataCgCtrService - clearDataAcc cgColdThresholdMapRuntime key size: 0
2025-07-30 22:45:19 INFO ColdDataCgCtrService - [OK] clearTheDataAcc-cost 0 ms.
2025-07-30 22:45:19 INFO ColdDataPullRequestHoldService - checkColdPullRequest-info-finish, queueSize: 0 successTotal: 0 errorTotal: 0
2025-07-30 22:45:19 INFO ColdDataPullRequestHoldService - [OK] checkColdDataPullRequest-cost 0 ms.
2025-07-30 22:45:39 INFO ColdDataPullRequestHoldService - checkColdPullRequest-info-finish, queueSize: 0 successTotal: 0 errorTotal: 0
2025-07-30 22:45:39 INFO ColdDataPullRequestHoldService - [OK] checkColdDataPullRequest-cost 1 ms.
2025-07-30 22:45:59 INFO ColdDataPullRequestHoldService - checkColdPullRequest-info-finish, queueSize: 0 successTotal: 0 errorTotal: 0
2025-07-30 22:45:59 INFO ColdDataPullRequestHoldService - [OK] checkColdDataPullRequest-cost 0 ms.
2025-07-30 22:46:19 INFO ColdDataPullRequestHoldService - checkColdPullRequest-info-finish, queueSize: 0 successTotal: 0 errorTotal: 0
2025-07-30 22:46:19 INFO ColdDataPullRequestHoldService - [OK] checkColdDataPullRequest-cost 0 ms.
2025-07-30 22:46:47 INFO ColdDataPullRequestHoldService - ColdDataPullRequestHoldService service started
2025-07-30 22:46:47 INFO ColdDataCgCtrService - ColdDataCgCtrService service started
2025-07-31 21:28:55 INFO ColdDataPullRequestHoldService - ColdDataPullRequestHoldService service started
2025-07-31 21:28:55 INFO ColdDataCgCtrService - ColdDataCgCtrService service started
2025-07-31 21:29:15 INFO ColdDataPullRequestHoldService - checkColdPullRequest-info-finish, queueSize: 0 successTotal: 0 errorTotal: 0
2025-07-31 21:29:15 INFO ColdDataPullRequestHoldService - [OK] checkColdDataPullRequest-cost 1 ms.
2025-07-31 21:29:35 INFO ColdDataPullRequestHoldService - checkColdPullRequest-info-finish, queueSize: 0 successTotal: 0 errorTotal: 0
2025-07-31 21:29:35 INFO ColdDataPullRequestHoldService - [OK] checkColdDataPullRequest-cost 1 ms.
2025-07-31 21:40:27 INFO ColdDataPullRequestHoldService - ColdDataPullRequestHoldService service started
2025-07-31 21:40:27 INFO ColdDataCgCtrService - ColdDataCgCtrService service started
2025-07-31 21:40:47 INFO ColdDataPullRequestHoldService - checkColdPullRequest-info-finish, queueSize: 0 successTotal: 0 errorTotal: 0
2025-07-31 21:40:47 INFO ColdDataPullRequestHoldService - [OK] checkColdDataPullRequest-cost 0 ms.
2025-07-31 21:41:07 INFO ColdDataPullRequestHoldService - checkColdPullRequest-info-finish, queueSize: 0 successTotal: 0 errorTotal: 0
2025-07-31 21:41:07 INFO ColdDataPullRequestHoldService - [OK] checkColdDataPullRequest-cost 0 ms.
2025-07-31 21:41:27 INFO ColdDataPullRequestHoldService - checkColdPullRequest-info-finish, queueSize: 0 successTotal: 0 errorTotal: 0
2025-07-31 21:41:27 INFO ColdDataPullRequestHoldService - [OK] checkColdDataPullRequest-cost 1 ms.
2025-07-31 21:41:47 INFO ColdDataPullRequestHoldService - checkColdPullRequest-info-finish, queueSize: 0 successTotal: 0 errorTotal: 0
2025-07-31 21:41:47 INFO ColdDataPullRequestHoldService - [OK] checkColdDataPullRequest-cost 0 ms.
2025-07-31 21:42:07 INFO ColdDataPullRequestHoldService - checkColdPullRequest-info-finish, queueSize: 0 successTotal: 0 errorTotal: 0
2025-07-31 21:42:07 INFO ColdDataPullRequestHoldService - [OK] checkColdDataPullRequest-cost 0 ms.
2025-07-31 21:42:27 INFO ColdDataPullRequestHoldService - checkColdPullRequest-info-finish, queueSize: 0 successTotal: 0 errorTotal: 0
2025-07-31 21:42:27 INFO ColdDataPullRequestHoldService - [OK] checkColdDataPullRequest-cost 0 ms.
2025-07-31 21:42:47 INFO ColdDataPullRequestHoldService - checkColdPullRequest-info-finish, queueSize: 0 successTotal: 0 errorTotal: 0
2025-07-31 21:42:47 INFO ColdDataPullRequestHoldService - [OK] checkColdDataPullRequest-cost 0 ms.
2025-07-31 21:43:07 INFO ColdDataPullRequestHoldService - checkColdPullRequest-info-finish, queueSize: 0 successTotal: 0 errorTotal: 0
2025-07-31 21:43:07 INFO ColdDataPullRequestHoldService - [OK] checkColdDataPullRequest-cost 1 ms.
2025-07-31 21:43:27 INFO ColdDataCgCtrService - clearDataAcc cgColdThresholdMapRuntime key size: 0
2025-07-31 21:43:27 INFO ColdDataCgCtrService - [OK] clearTheDataAcc-cost 1 ms.
2025-07-31 21:43:27 INFO ColdDataPullRequestHoldService - checkColdPullRequest-info-finish, queueSize: 0 successTotal: 0 errorTotal: 0
2025-07-31 21:43:27 INFO ColdDataPullRequestHoldService - [OK] checkColdDataPullRequest-cost 0 ms.
2025-07-31 21:43:47 INFO ColdDataPullRequestHoldService - checkColdPullRequest-info-finish, queueSize: 0 successTotal: 0 errorTotal: 0
2025-07-31 21:43:47 INFO ColdDataPullRequestHoldService - [OK] checkColdDataPullRequest-cost 1 ms.
2025-07-31 21:44:07 INFO ColdDataPullRequestHoldService - checkColdPullRequest-info-finish, queueSize: 0 successTotal: 0 errorTotal: 0
2025-07-31 21:44:07 INFO ColdDataPullRequestHoldService - [OK] checkColdDataPullRequest-cost 1 ms.
2025-07-31 21:44:27 INFO ColdDataPullRequestHoldService - checkColdPullRequest-info-finish, queueSize: 0 successTotal: 0 errorTotal: 0
2025-07-31 21:44:27 INFO ColdDataPullRequestHoldService - [OK] checkColdDataPullRequest-cost 0 ms.
2025-07-31 21:44:47 INFO ColdDataPullRequestHoldService - checkColdPullRequest-info-finish, queueSize: 0 successTotal: 0 errorTotal: 0
2025-07-31 21:44:47 INFO ColdDataPullRequestHoldService - [OK] checkColdDataPullRequest-cost 1 ms.
2025-07-31 21:45:07 INFO ColdDataPullRequestHoldService - checkColdPullRequest-info-finish, queueSize: 0 successTotal: 0 errorTotal: 0
2025-07-31 21:45:07 INFO ColdDataPullRequestHoldService - [OK] checkColdDataPullRequest-cost 0 ms.
2025-07-31 21:45:27 INFO ColdDataPullRequestHoldService - checkColdPullRequest-info-finish, queueSize: 0 successTotal: 0 errorTotal: 0
2025-07-31 21:45:27 INFO ColdDataPullRequestHoldService - [OK] checkColdDataPullRequest-cost 0 ms.
2025-07-31 21:45:47 INFO ColdDataPullRequestHoldService - checkColdPullRequest-info-finish, queueSize: 0 successTotal: 0 errorTotal: 0
2025-07-31 21:45:47 INFO ColdDataPullRequestHoldService - [OK] checkColdDataPullRequest-cost 0 ms.
2025-07-31 21:46:46 INFO ColdDataPullRequestHoldService - ColdDataPullRequestHoldService service started
2025-07-31 21:46:46 INFO ColdDataCgCtrService - ColdDataCgCtrService service started
2025-07-31 21:47:06 INFO ColdDataPullRequestHoldService - checkColdPullRequest-info-finish, queueSize: 0 successTotal: 0 errorTotal: 0
2025-07-31 21:47:06 INFO ColdDataPullRequestHoldService - [OK] checkColdDataPullRequest-cost 1 ms.
2025-07-31 21:47:26 INFO ColdDataPullRequestHoldService - checkColdPullRequest-info-finish, queueSize: 0 successTotal: 0 errorTotal: 0
2025-07-31 21:47:26 INFO ColdDataPullRequestHoldService - [OK] checkColdDataPullRequest-cost 1 ms.
2025-07-31 21:47:46 INFO ColdDataPullRequestHoldService - checkColdPullRequest-info-finish, queueSize: 0 successTotal: 0 errorTotal: 0
2025-07-31 21:47:46 INFO ColdDataPullRequestHoldService - [OK] checkColdDataPullRequest-cost 0 ms.
2025-07-31 21:48:06 INFO ColdDataPullRequestHoldService - checkColdPullRequest-info-finish, queueSize: 0 successTotal: 0 errorTotal: 0
2025-07-31 21:48:06 INFO ColdDataPullRequestHoldService - [OK] checkColdDataPullRequest-cost 1 ms.
2025-07-31 21:48:26 INFO ColdDataPullRequestHoldService - checkColdPullRequest-info-finish, queueSize: 0 successTotal: 0 errorTotal: 0
2025-07-31 21:48:26 INFO ColdDataPullRequestHoldService - [OK] checkColdDataPullRequest-cost 1 ms.
2025-07-31 21:48:46 INFO ColdDataPullRequestHoldService - checkColdPullRequest-info-finish, queueSize: 0 successTotal: 0 errorTotal: 0
2025-07-31 21:48:46 INFO ColdDataPullRequestHoldService - [OK] checkColdDataPullRequest-cost 0 ms.
2025-07-31 21:49:45 INFO ColdDataPullRequestHoldService - ColdDataPullRequestHoldService service started
2025-07-31 21:49:45 INFO ColdDataCgCtrService - ColdDataCgCtrService service started
2025-07-31 21:50:05 INFO ColdDataPullRequestHoldService - checkColdPullRequest-info-finish, queueSize: 0 successTotal: 0 errorTotal: 0
2025-07-31 21:50:05 INFO ColdDataPullRequestHoldService - [OK] checkColdDataPullRequest-cost 1 ms.
2025-07-31 21:50:25 INFO ColdDataPullRequestHoldService - checkColdPullRequest-info-finish, queueSize: 0 successTotal: 0 errorTotal: 0
2025-07-31 21:50:25 INFO ColdDataPullRequestHoldService - [OK] checkColdDataPullRequest-cost 0 ms.
2025-07-31 21:50:45 INFO ColdDataPullRequestHoldService - checkColdPullRequest-info-finish, queueSize: 0 successTotal: 0 errorTotal: 0
2025-07-31 21:50:45 INFO ColdDataPullRequestHoldService - [OK] checkColdDataPullRequest-cost 0 ms.
2025-07-31 21:51:05 INFO ColdDataPullRequestHoldService - checkColdPullRequest-info-finish, queueSize: 0 successTotal: 0 errorTotal: 0
2025-07-31 21:51:05 INFO ColdDataPullRequestHoldService - [OK] checkColdDataPullRequest-cost 0 ms.
2025-07-31 21:51:25 INFO ColdDataPullRequestHoldService - checkColdPullRequest-info-finish, queueSize: 0 successTotal: 0 errorTotal: 0
2025-07-31 21:51:25 INFO ColdDataPullRequestHoldService - [OK] checkColdDataPullRequest-cost 1 ms.
2025-07-31 21:51:45 INFO ColdDataPullRequestHoldService - checkColdPullRequest-info-finish, queueSize: 0 successTotal: 0 errorTotal: 0
2025-07-31 21:51:45 INFO ColdDataPullRequestHoldService - [OK] checkColdDataPullRequest-cost 1 ms.
2025-07-31 21:52:05 INFO ColdDataPullRequestHoldService - checkColdPullRequest-info-finish, queueSize: 0 successTotal: 0 errorTotal: 0
2025-07-31 21:52:05 INFO ColdDataPullRequestHoldService - [OK] checkColdDataPullRequest-cost 0 ms.
2025-07-31 21:52:25 INFO ColdDataPullRequestHoldService - checkColdPullRequest-info-finish, queueSize: 0 successTotal: 0 errorTotal: 0
2025-07-31 21:52:25 INFO ColdDataPullRequestHoldService - [OK] checkColdDataPullRequest-cost 1 ms.
2025-07-31 21:52:45 INFO ColdDataCgCtrService - clearDataAcc cgColdThresholdMapRuntime key size: 0
2025-07-31 21:52:45 INFO ColdDataCgCtrService - [OK] clearTheDataAcc-cost 1 ms.
2025-07-31 21:52:45 INFO ColdDataPullRequestHoldService - checkColdPullRequest-info-finish, queueSize: 0 successTotal: 0 errorTotal: 0
2025-07-31 21:52:45 INFO ColdDataPullRequestHoldService - [OK] checkColdDataPullRequest-cost 0 ms.
2025-07-31 21:53:05 INFO ColdDataPullRequestHoldService - checkColdPullRequest-info-finish, queueSize: 0 successTotal: 0 errorTotal: 0
2025-07-31 21:53:05 INFO ColdDataPullRequestHoldService - [OK] checkColdDataPullRequest-cost 0 ms.
2025-07-31 21:53:25 INFO ColdDataPullRequestHoldService - checkColdPullRequest-info-finish, queueSize: 0 successTotal: 0 errorTotal: 0
2025-07-31 21:53:25 INFO ColdDataPullRequestHoldService - [OK] checkColdDataPullRequest-cost 0 ms.
2025-07-31 21:53:45 INFO ColdDataPullRequestHoldService - checkColdPullRequest-info-finish, queueSize: 0 successTotal: 0 errorTotal: 0
2025-07-31 21:53:45 INFO ColdDataPullRequestHoldService - [OK] checkColdDataPullRequest-cost 0 ms.
2025-07-31 21:54:05 INFO ColdDataPullRequestHoldService - checkColdPullRequest-info-finish, queueSize: 0 successTotal: 0 errorTotal: 0
2025-07-31 21:54:05 INFO ColdDataPullRequestHoldService - [OK] checkColdDataPullRequest-cost 0 ms.
2025-07-31 21:54:25 INFO ColdDataPullRequestHoldService - checkColdPullRequest-info-finish, queueSize: 0 successTotal: 0 errorTotal: 0
2025-07-31 21:54:25 INFO ColdDataPullRequestHoldService - [OK] checkColdDataPullRequest-cost 0 ms.
2025-07-31 21:54:45 INFO ColdDataPullRequestHoldService - checkColdPullRequest-info-finish, queueSize: 0 successTotal: 0 errorTotal: 0
2025-07-31 21:54:45 INFO ColdDataPullRequestHoldService - [OK] checkColdDataPullRequest-cost 1 ms.
2025-07-31 21:55:05 INFO ColdDataPullRequestHoldService - checkColdPullRequest-info-finish, queueSize: 0 successTotal: 0 errorTotal: 0
2025-07-31 21:55:05 INFO ColdDataPullRequestHoldService - [OK] checkColdDataPullRequest-cost 0 ms.
2025-07-31 21:55:25 INFO ColdDataPullRequestHoldService - checkColdPullRequest-info-finish, queueSize: 0 successTotal: 0 errorTotal: 0
2025-07-31 21:55:25 INFO ColdDataPullRequestHoldService - [OK] checkColdDataPullRequest-cost 0 ms.
2025-07-31 21:55:45 INFO ColdDataCgCtrService - clearDataAcc cgColdThresholdMapRuntime key size: 0
2025-07-31 21:55:45 INFO ColdDataCgCtrService - [OK] clearTheDataAcc-cost 0 ms.
2025-07-31 21:55:45 INFO ColdDataPullRequestHoldService - checkColdPullRequest-info-finish, queueSize: 0 successTotal: 0 errorTotal: 0
2025-07-31 21:55:45 INFO ColdDataPullRequestHoldService - [OK] checkColdDataPullRequest-cost 0 ms.
2025-07-31 21:56:05 INFO ColdDataPullRequestHoldService - checkColdPullRequest-info-finish, queueSize: 0 successTotal: 0 errorTotal: 0
2025-07-31 21:56:05 INFO ColdDataPullRequestHoldService - [OK] checkColdDataPullRequest-cost 0 ms.
2025-07-31 21:56:25 INFO ColdDataPullRequestHoldService - checkColdPullRequest-info-finish, queueSize: 0 successTotal: 0 errorTotal: 0
2025-07-31 21:56:25 INFO ColdDataPullRequestHoldService - [OK] checkColdDataPullRequest-cost 0 ms.
2025-07-31 21:56:45 INFO ColdDataPullRequestHoldService - checkColdPullRequest-info-finish, queueSize: 0 successTotal: 0 errorTotal: 0
2025-07-31 21:56:45 INFO ColdDataPullRequestHoldService - [OK] checkColdDataPullRequest-cost 1 ms.
2025-07-31 21:57:05 INFO ColdDataPullRequestHoldService - checkColdPullRequest-info-finish, queueSize: 0 successTotal: 0 errorTotal: 0
2025-07-31 21:57:05 INFO ColdDataPullRequestHoldService - [OK] checkColdDataPullRequest-cost 0 ms.
2025-07-31 21:57:25 INFO ColdDataPullRequestHoldService - checkColdPullRequest-info-finish, queueSize: 0 successTotal: 0 errorTotal: 0
2025-07-31 21:57:25 INFO ColdDataPullRequestHoldService - [OK] checkColdDataPullRequest-cost 1 ms.
2025-07-31 21:57:45 INFO ColdDataPullRequestHoldService - checkColdPullRequest-info-finish, queueSize: 0 successTotal: 0 errorTotal: 0
2025-07-31 21:57:45 INFO ColdDataPullRequestHoldService - [OK] checkColdDataPullRequest-cost 0 ms.
2025-07-31 21:58:05 INFO ColdDataPullRequestHoldService - checkColdPullRequest-info-finish, queueSize: 0 successTotal: 0 errorTotal: 0
2025-07-31 21:58:05 INFO ColdDataPullRequestHoldService - [OK] checkColdDataPullRequest-cost 0 ms.
2025-07-31 21:58:25 INFO ColdDataPullRequestHoldService - checkColdPullRequest-info-finish, queueSize: 0 successTotal: 0 errorTotal: 0
2025-07-31 21:58:25 INFO ColdDataPullRequestHoldService - [OK] checkColdDataPullRequest-cost 0 ms.
2025-07-31 21:58:45 INFO ColdDataCgCtrService - clearDataAcc cgColdThresholdMapRuntime key size: 0
2025-07-31 21:58:45 INFO ColdDataCgCtrService - [OK] clearTheDataAcc-cost 0 ms.
2025-07-31 21:58:45 INFO ColdDataPullRequestHoldService - checkColdPullRequest-info-finish, queueSize: 0 successTotal: 0 errorTotal: 0
2025-07-31 21:58:45 INFO ColdDataPullRequestHoldService - [OK] checkColdDataPullRequest-cost 0 ms.
2025-07-31 21:59:05 INFO ColdDataPullRequestHoldService - checkColdPullRequest-info-finish, queueSize: 0 successTotal: 0 errorTotal: 0
2025-07-31 21:59:05 INFO ColdDataPullRequestHoldService - [OK] checkColdDataPullRequest-cost 0 ms.
2025-07-31 21:59:25 INFO ColdDataPullRequestHoldService - checkColdPullRequest-info-finish, queueSize: 0 successTotal: 0 errorTotal: 0
2025-07-31 21:59:25 INFO ColdDataPullRequestHoldService - [OK] checkColdDataPullRequest-cost 0 ms.
2025-07-31 21:59:45 INFO ColdDataPullRequestHoldService - checkColdPullRequest-info-finish, queueSize: 0 successTotal: 0 errorTotal: 0
2025-07-31 21:59:45 INFO ColdDataPullRequestHoldService - [OK] checkColdDataPullRequest-cost 0 ms.
2025-07-31 22:00:05 INFO ColdDataPullRequestHoldService - checkColdPullRequest-info-finish, queueSize: 0 successTotal: 0 errorTotal: 0
2025-07-31 22:00:05 INFO ColdDataPullRequestHoldService - [OK] checkColdDataPullRequest-cost 0 ms.
2025-07-31 22:00:25 INFO ColdDataPullRequestHoldService - checkColdPullRequest-info-finish, queueSize: 0 successTotal: 0 errorTotal: 0
2025-07-31 22:00:25 INFO ColdDataPullRequestHoldService - [OK] checkColdDataPullRequest-cost 0 ms.
2025-07-31 22:00:45 INFO ColdDataPullRequestHoldService - checkColdPullRequest-info-finish, queueSize: 0 successTotal: 0 errorTotal: 0
2025-07-31 22:00:45 INFO ColdDataPullRequestHoldService - [OK] checkColdDataPullRequest-cost 0 ms.
2025-07-31 22:01:05 INFO ColdDataPullRequestHoldService - checkColdPullRequest-info-finish, queueSize: 0 successTotal: 0 errorTotal: 0
2025-07-31 22:01:05 INFO ColdDataPullRequestHoldService - [OK] checkColdDataPullRequest-cost 0 ms.
2025-07-31 22:01:25 INFO ColdDataPullRequestHoldService - checkColdPullRequest-info-finish, queueSize: 0 successTotal: 0 errorTotal: 0
2025-07-31 22:01:25 INFO ColdDataPullRequestHoldService - [OK] checkColdDataPullRequest-cost 1 ms.
2025-07-31 22:01:45 INFO ColdDataCgCtrService - clearDataAcc cgColdThresholdMapRuntime key size: 0
2025-07-31 22:01:45 INFO ColdDataCgCtrService - [OK] clearTheDataAcc-cost 0 ms.
2025-07-31 22:01:45 INFO ColdDataPullRequestHoldService - checkColdPullRequest-info-finish, queueSize: 0 successTotal: 0 errorTotal: 0
2025-07-31 22:01:45 INFO ColdDataPullRequestHoldService - [OK] checkColdDataPullRequest-cost 0 ms.
2025-07-31 22:02:05 INFO ColdDataPullRequestHoldService - checkColdPullRequest-info-finish, queueSize: 0 successTotal: 0 errorTotal: 0
2025-07-31 22:02:05 INFO ColdDataPullRequestHoldService - [OK] checkColdDataPullRequest-cost 1 ms.
2025-07-31 22:02:25 INFO ColdDataPullRequestHoldService - checkColdPullRequest-info-finish, queueSize: 0 successTotal: 0 errorTotal: 0
2025-07-31 22:02:25 INFO ColdDataPullRequestHoldService - [OK] checkColdDataPullRequest-cost 0 ms.
2025-07-31 22:02:45 INFO ColdDataPullRequestHoldService - checkColdPullRequest-info-finish, queueSize: 0 successTotal: 0 errorTotal: 0
2025-07-31 22:02:45 INFO ColdDataPullRequestHoldService - [OK] checkColdDataPullRequest-cost 1 ms.
2025-07-31 22:03:05 INFO ColdDataPullRequestHoldService - checkColdPullRequest-info-finish, queueSize: 0 successTotal: 0 errorTotal: 0
2025-07-31 22:03:05 INFO ColdDataPullRequestHoldService - [OK] checkColdDataPullRequest-cost 0 ms.
2025-07-31 22:03:25 INFO ColdDataPullRequestHoldService - checkColdPullRequest-info-finish, queueSize: 0 successTotal: 0 errorTotal: 0
2025-07-31 22:03:25 INFO ColdDataPullRequestHoldService - [OK] checkColdDataPullRequest-cost 0 ms.
2025-07-31 22:03:45 INFO ColdDataPullRequestHoldService - checkColdPullRequest-info-finish, queueSize: 0 successTotal: 0 errorTotal: 0
2025-07-31 22:03:45 INFO ColdDataPullRequestHoldService - [OK] checkColdDataPullRequest-cost 0 ms.
2025-07-31 22:04:05 INFO ColdDataPullRequestHoldService - checkColdPullRequest-info-finish, queueSize: 0 successTotal: 0 errorTotal: 0
2025-07-31 22:04:05 INFO ColdDataPullRequestHoldService - [OK] checkColdDataPullRequest-cost 1 ms.
2025-07-31 22:04:25 INFO ColdDataPullRequestHoldService - checkColdPullRequest-info-finish, queueSize: 0 successTotal: 0 errorTotal: 0
2025-07-31 22:04:25 INFO ColdDataPullRequestHoldService - [OK] checkColdDataPullRequest-cost 0 ms.
2025-07-31 22:04:45 INFO ColdDataCgCtrService - clearDataAcc cgColdThresholdMapRuntime key size: 0
2025-07-31 22:04:45 INFO ColdDataCgCtrService - [OK] clearTheDataAcc-cost 1 ms.
2025-07-31 22:04:45 INFO ColdDataPullRequestHoldService - checkColdPullRequest-info-finish, queueSize: 0 successTotal: 0 errorTotal: 0
2025-07-31 22:04:45 INFO ColdDataPullRequestHoldService - [OK] checkColdDataPullRequest-cost 0 ms.
2025-07-31 22:05:05 INFO ColdDataPullRequestHoldService - checkColdPullRequest-info-finish, queueSize: 0 successTotal: 0 errorTotal: 0
2025-07-31 22:05:05 INFO ColdDataPullRequestHoldService - [OK] checkColdDataPullRequest-cost 0 ms.
2025-07-31 22:05:25 INFO ColdDataPullRequestHoldService - checkColdPullRequest-info-finish, queueSize: 0 successTotal: 0 errorTotal: 0
2025-07-31 22:05:25 INFO ColdDataPullRequestHoldService - [OK] checkColdDataPullRequest-cost 0 ms.
2025-07-31 22:05:45 INFO ColdDataPullRequestHoldService - checkColdPullRequest-info-finish, queueSize: 0 successTotal: 0 errorTotal: 0
2025-07-31 22:05:45 INFO ColdDataPullRequestHoldService - [OK] checkColdDataPullRequest-cost 0 ms.
2025-07-31 22:06:05 INFO ColdDataPullRequestHoldService - checkColdPullRequest-info-finish, queueSize: 0 successTotal: 0 errorTotal: 0
2025-07-31 22:06:05 INFO ColdDataPullRequestHoldService - [OK] checkColdDataPullRequest-cost 1 ms.
2025-07-31 22:06:25 INFO ColdDataPullRequestHoldService - checkColdPullRequest-info-finish, queueSize: 0 successTotal: 0 errorTotal: 0
2025-07-31 22:06:25 INFO ColdDataPullRequestHoldService - [OK] checkColdDataPullRequest-cost 1 ms.
2025-07-31 22:06:45 INFO ColdDataPullRequestHoldService - checkColdPullRequest-info-finish, queueSize: 0 successTotal: 0 errorTotal: 0
2025-07-31 22:06:45 INFO ColdDataPullRequestHoldService - [OK] checkColdDataPullRequest-cost 1 ms.
2025-07-31 22:07:05 INFO ColdDataPullRequestHoldService - checkColdPullRequest-info-finish, queueSize: 0 successTotal: 0 errorTotal: 0
2025-07-31 22:07:05 INFO ColdDataPullRequestHoldService - [OK] checkColdDataPullRequest-cost 0 ms.
2025-07-31 22:07:25 INFO ColdDataPullRequestHoldService - checkColdPullRequest-info-finish, queueSize: 0 successTotal: 0 errorTotal: 0
2025-07-31 22:07:25 INFO ColdDataPullRequestHoldService - [OK] checkColdDataPullRequest-cost 0 ms.
2025-07-31 22:07:45 INFO ColdDataCgCtrService - clearDataAcc cgColdThresholdMapRuntime key size: 0
2025-07-31 22:07:45 INFO ColdDataCgCtrService - [OK] clearTheDataAcc-cost 0 ms.
2025-07-31 22:07:45 INFO ColdDataPullRequestHoldService - checkColdPullRequest-info-finish, queueSize: 0 successTotal: 0 errorTotal: 0
2025-07-31 22:07:45 INFO ColdDataPullRequestHoldService - [OK] checkColdDataPullRequest-cost 1 ms.
2025-07-31 22:08:05 INFO ColdDataPullRequestHoldService - checkColdPullRequest-info-finish, queueSize: 0 successTotal: 0 errorTotal: 0
2025-07-31 22:08:05 INFO ColdDataPullRequestHoldService - [OK] checkColdDataPullRequest-cost 0 ms.
2025-07-31 22:08:25 INFO ColdDataPullRequestHoldService - checkColdPullRequest-info-finish, queueSize: 0 successTotal: 0 errorTotal: 0
2025-07-31 22:08:25 INFO ColdDataPullRequestHoldService - [OK] checkColdDataPullRequest-cost 1 ms.
2025-07-31 22:08:45 INFO ColdDataPullRequestHoldService - checkColdPullRequest-info-finish, queueSize: 0 successTotal: 0 errorTotal: 0
2025-07-31 22:08:45 INFO ColdDataPullRequestHoldService - [OK] checkColdDataPullRequest-cost 0 ms.
2025-07-31 22:09:05 INFO ColdDataPullRequestHoldService - checkColdPullRequest-info-finish, queueSize: 0 successTotal: 0 errorTotal: 0
2025-07-31 22:09:05 INFO ColdDataPullRequestHoldService - [OK] checkColdDataPullRequest-cost 1 ms.
2025-07-31 22:09:25 INFO ColdDataPullRequestHoldService - checkColdPullRequest-info-finish, queueSize: 0 successTotal: 0 errorTotal: 0
2025-07-31 22:09:25 INFO ColdDataPullRequestHoldService - [OK] checkColdDataPullRequest-cost 0 ms.
2025-07-31 22:09:45 INFO ColdDataPullRequestHoldService - checkColdPullRequest-info-finish, queueSize: 0 successTotal: 0 errorTotal: 0
2025-07-31 22:09:45 INFO ColdDataPullRequestHoldService - [OK] checkColdDataPullRequest-cost 1 ms.
2025-07-31 22:10:05 INFO ColdDataPullRequestHoldService - checkColdPullRequest-info-finish, queueSize: 0 successTotal: 0 errorTotal: 0
2025-07-31 22:10:05 INFO ColdDataPullRequestHoldService - [OK] checkColdDataPullRequest-cost 0 ms.
2025-07-31 22:10:25 INFO ColdDataPullRequestHoldService - checkColdPullRequest-info-finish, queueSize: 0 successTotal: 0 errorTotal: 0
2025-07-31 22:10:25 INFO ColdDataPullRequestHoldService - [OK] checkColdDataPullRequest-cost 0 ms.
2025-07-31 22:10:45 INFO ColdDataCgCtrService - clearDataAcc cgColdThresholdMapRuntime key size: 0
2025-07-31 22:10:45 INFO ColdDataCgCtrService - [OK] clearTheDataAcc-cost 0 ms.
2025-07-31 22:10:45 INFO ColdDataPullRequestHoldService - checkColdPullRequest-info-finish, queueSize: 0 successTotal: 0 errorTotal: 0
2025-07-31 22:10:45 INFO ColdDataPullRequestHoldService - [OK] checkColdDataPullRequest-cost 0 ms.
2025-07-31 22:11:05 INFO ColdDataPullRequestHoldService - checkColdPullRequest-info-finish, queueSize: 0 successTotal: 0 errorTotal: 0
2025-07-31 22:11:05 INFO ColdDataPullRequestHoldService - [OK] checkColdDataPullRequest-cost 1 ms.
2025-07-31 22:11:25 INFO ColdDataPullRequestHoldService - checkColdPullRequest-info-finish, queueSize: 0 successTotal: 0 errorTotal: 0
2025-07-31 22:11:25 INFO ColdDataPullRequestHoldService - [OK] checkColdDataPullRequest-cost 0 ms.
2025-07-31 22:11:45 INFO ColdDataPullRequestHoldService - checkColdPullRequest-info-finish, queueSize: 0 successTotal: 0 errorTotal: 0
2025-07-31 22:11:45 INFO ColdDataPullRequestHoldService - [OK] checkColdDataPullRequest-cost 1 ms.
2025-07-31 22:12:05 INFO ColdDataPullRequestHoldService - checkColdPullRequest-info-finish, queueSize: 0 successTotal: 0 errorTotal: 0
2025-07-31 22:12:05 INFO ColdDataPullRequestHoldService - [OK] checkColdDataPullRequest-cost 0 ms.
2025-07-31 22:12:25 INFO ColdDataPullRequestHoldService - checkColdPullRequest-info-finish, queueSize: 0 successTotal: 0 errorTotal: 0
2025-07-31 22:12:25 INFO ColdDataPullRequestHoldService - [OK] checkColdDataPullRequest-cost 0 ms.
2025-07-31 22:12:45 INFO ColdDataPullRequestHoldService - checkColdPullRequest-info-finish, queueSize: 0 successTotal: 0 errorTotal: 0
2025-07-31 22:12:45 INFO ColdDataPullRequestHoldService - [OK] checkColdDataPullRequest-cost 1 ms.
2025-07-31 22:13:05 INFO ColdDataPullRequestHoldService - checkColdPullRequest-info-finish, queueSize: 0 successTotal: 0 errorTotal: 0
2025-07-31 22:13:05 INFO ColdDataPullRequestHoldService - [OK] checkColdDataPullRequest-cost 0 ms.
2025-07-31 22:13:25 INFO ColdDataPullRequestHoldService - checkColdPullRequest-info-finish, queueSize: 0 successTotal: 0 errorTotal: 0
2025-07-31 22:13:25 INFO ColdDataPullRequestHoldService - [OK] checkColdDataPullRequest-cost 0 ms.
2025-07-31 22:13:45 INFO ColdDataCgCtrService - clearDataAcc cgColdThresholdMapRuntime key size: 0
2025-07-31 22:13:45 INFO ColdDataCgCtrService - [OK] clearTheDataAcc-cost 0 ms.
2025-07-31 22:13:45 INFO ColdDataPullRequestHoldService - checkColdPullRequest-info-finish, queueSize: 0 successTotal: 0 errorTotal: 0
2025-07-31 22:13:45 INFO ColdDataPullRequestHoldService - [OK] checkColdDataPullRequest-cost 0 ms.
2025-07-31 22:14:05 INFO ColdDataPullRequestHoldService - checkColdPullRequest-info-finish, queueSize: 0 successTotal: 0 errorTotal: 0
2025-07-31 22:14:05 INFO ColdDataPullRequestHoldService - [OK] checkColdDataPullRequest-cost 1 ms.
2025-07-31 22:14:25 INFO ColdDataPullRequestHoldService - checkColdPullRequest-info-finish, queueSize: 0 successTotal: 0 errorTotal: 0
2025-07-31 22:14:25 INFO ColdDataPullRequestHoldService - [OK] checkColdDataPullRequest-cost 0 ms.
2025-07-31 22:14:45 INFO ColdDataPullRequestHoldService - checkColdPullRequest-info-finish, queueSize: 0 successTotal: 0 errorTotal: 0
2025-07-31 22:14:45 INFO ColdDataPullRequestHoldService - [OK] checkColdDataPullRequest-cost 1 ms.
2025-07-31 22:15:05 INFO ColdDataPullRequestHoldService - checkColdPullRequest-info-finish, queueSize: 0 successTotal: 0 errorTotal: 0
2025-07-31 22:15:05 INFO ColdDataPullRequestHoldService - [OK] checkColdDataPullRequest-cost 0 ms.
2025-07-31 22:15:25 INFO ColdDataPullRequestHoldService - checkColdPullRequest-info-finish, queueSize: 0 successTotal: 0 errorTotal: 0
2025-07-31 22:15:25 INFO ColdDataPullRequestHoldService - [OK] checkColdDataPullRequest-cost 0 ms.
2025-07-31 22:15:45 INFO ColdDataPullRequestHoldService - checkColdPullRequest-info-finish, queueSize: 0 successTotal: 0 errorTotal: 0
2025-07-31 22:15:45 INFO ColdDataPullRequestHoldService - [OK] checkColdDataPullRequest-cost 0 ms.
2025-07-31 22:16:05 INFO ColdDataPullRequestHoldService - checkColdPullRequest-info-finish, queueSize: 0 successTotal: 0 errorTotal: 0
2025-07-31 22:16:05 INFO ColdDataPullRequestHoldService - [OK] checkColdDataPullRequest-cost 0 ms.
2025-07-31 22:16:25 INFO ColdDataPullRequestHoldService - checkColdPullRequest-info-finish, queueSize: 0 successTotal: 0 errorTotal: 0
2025-07-31 22:16:25 INFO ColdDataPullRequestHoldService - [OK] checkColdDataPullRequest-cost 0 ms.
2025-07-31 22:16:45 INFO ColdDataCgCtrService - clearDataAcc cgColdThresholdMapRuntime key size: 0
2025-07-31 22:16:45 INFO ColdDataCgCtrService - [OK] clearTheDataAcc-cost 0 ms.
2025-07-31 22:16:45 INFO ColdDataPullRequestHoldService - checkColdPullRequest-info-finish, queueSize: 0 successTotal: 0 errorTotal: 0
2025-07-31 22:16:45 INFO ColdDataPullRequestHoldService - [OK] checkColdDataPullRequest-cost 1 ms.
2025-07-31 22:17:05 INFO ColdDataPullRequestHoldService - checkColdPullRequest-info-finish, queueSize: 0 successTotal: 0 errorTotal: 0
2025-07-31 22:17:05 INFO ColdDataPullRequestHoldService - [OK] checkColdDataPullRequest-cost 0 ms.
2025-07-31 22:17:25 INFO ColdDataPullRequestHoldService - checkColdPullRequest-info-finish, queueSize: 0 successTotal: 0 errorTotal: 0
2025-07-31 22:17:25 INFO ColdDataPullRequestHoldService - [OK] checkColdDataPullRequest-cost 1 ms.
2025-07-31 22:17:45 INFO ColdDataPullRequestHoldService - checkColdPullRequest-info-finish, queueSize: 0 successTotal: 0 errorTotal: 0
2025-07-31 22:17:45 INFO ColdDataPullRequestHoldService - [OK] checkColdDataPullRequest-cost 0 ms.
2025-07-31 22:18:05 INFO ColdDataPullRequestHoldService - checkColdPullRequest-info-finish, queueSize: 0 successTotal: 0 errorTotal: 0
2025-07-31 22:18:05 INFO ColdDataPullRequestHoldService - [OK] checkColdDataPullRequest-cost 0 ms.
2025-07-31 22:18:25 INFO ColdDataPullRequestHoldService - checkColdPullRequest-info-finish, queueSize: 0 successTotal: 0 errorTotal: 0
2025-07-31 22:18:25 INFO ColdDataPullRequestHoldService - [OK] checkColdDataPullRequest-cost 1 ms.
2025-07-31 22:18:45 INFO ColdDataPullRequestHoldService - checkColdPullRequest-info-finish, queueSize: 0 successTotal: 0 errorTotal: 0
2025-07-31 22:18:45 INFO ColdDataPullRequestHoldService - [OK] checkColdDataPullRequest-cost 0 ms.
2025-07-31 22:19:05 INFO ColdDataPullRequestHoldService - checkColdPullRequest-info-finish, queueSize: 0 successTotal: 0 errorTotal: 0
2025-07-31 22:19:05 INFO ColdDataPullRequestHoldService - [OK] checkColdDataPullRequest-cost 1 ms.
2025-07-31 22:19:25 INFO ColdDataPullRequestHoldService - checkColdPullRequest-info-finish, queueSize: 0 successTotal: 0 errorTotal: 0
2025-07-31 22:19:25 INFO ColdDataPullRequestHoldService - [OK] checkColdDataPullRequest-cost 0 ms.
2025-07-31 22:19:45 INFO ColdDataCgCtrService - clearDataAcc cgColdThresholdMapRuntime key size: 0
2025-07-31 22:19:45 INFO ColdDataCgCtrService - [OK] clearTheDataAcc-cost 1 ms.
2025-07-31 22:19:45 INFO ColdDataPullRequestHoldService - checkColdPullRequest-info-finish, queueSize: 0 successTotal: 0 errorTotal: 0
2025-07-31 22:19:45 INFO ColdDataPullRequestHoldService - [OK] checkColdDataPullRequest-cost 0 ms.
2025-07-31 22:20:05 INFO ColdDataPullRequestHoldService - checkColdPullRequest-info-finish, queueSize: 0 successTotal: 0 errorTotal: 0
2025-07-31 22:20:05 INFO ColdDataPullRequestHoldService - [OK] checkColdDataPullRequest-cost 1 ms.
2025-07-31 22:20:25 INFO ColdDataPullRequestHoldService - checkColdPullRequest-info-finish, queueSize: 0 successTotal: 0 errorTotal: 0
2025-07-31 22:20:25 INFO ColdDataPullRequestHoldService - [OK] checkColdDataPullRequest-cost 1 ms.
2025-07-31 22:20:45 INFO ColdDataPullRequestHoldService - checkColdPullRequest-info-finish, queueSize: 0 successTotal: 0 errorTotal: 0
2025-07-31 22:20:45 INFO ColdDataPullRequestHoldService - [OK] checkColdDataPullRequest-cost 0 ms.
2025-07-31 22:21:05 INFO ColdDataPullRequestHoldService - checkColdPullRequest-info-finish, queueSize: 0 successTotal: 0 errorTotal: 0
2025-07-31 22:21:05 INFO ColdDataPullRequestHoldService - [OK] checkColdDataPullRequest-cost 0 ms.
2025-07-31 22:21:25 INFO ColdDataPullRequestHoldService - checkColdPullRequest-info-finish, queueSize: 0 successTotal: 0 errorTotal: 0
2025-07-31 22:21:25 INFO ColdDataPullRequestHoldService - [OK] checkColdDataPullRequest-cost 0 ms.
2025-07-31 22:21:45 INFO ColdDataPullRequestHoldService - checkColdPullRequest-info-finish, queueSize: 0 successTotal: 0 errorTotal: 0
2025-07-31 22:21:45 INFO ColdDataPullRequestHoldService - [OK] checkColdDataPullRequest-cost 0 ms.
2025-07-31 22:22:05 INFO ColdDataPullRequestHoldService - checkColdPullRequest-info-finish, queueSize: 0 successTotal: 0 errorTotal: 0
2025-07-31 22:22:05 INFO ColdDataPullRequestHoldService - [OK] checkColdDataPullRequest-cost 0 ms.
2025-07-31 22:22:25 INFO ColdDataPullRequestHoldService - checkColdPullRequest-info-finish, queueSize: 0 successTotal: 0 errorTotal: 0
2025-07-31 22:22:25 INFO ColdDataPullRequestHoldService - [OK] checkColdDataPullRequest-cost 1 ms.
2025-07-31 22:22:45 INFO ColdDataCgCtrService - clearDataAcc cgColdThresholdMapRuntime key size: 0
2025-07-31 22:22:45 INFO ColdDataCgCtrService - [OK] clearTheDataAcc-cost 0 ms.
2025-07-31 22:22:45 INFO ColdDataPullRequestHoldService - checkColdPullRequest-info-finish, queueSize: 0 successTotal: 0 errorTotal: 0
2025-07-31 22:22:45 INFO ColdDataPullRequestHoldService - [OK] checkColdDataPullRequest-cost 0 ms.
2025-07-31 22:23:05 INFO ColdDataPullRequestHoldService - checkColdPullRequest-info-finish, queueSize: 0 successTotal: 0 errorTotal: 0
2025-07-31 22:23:05 INFO ColdDataPullRequestHoldService - [OK] checkColdDataPullRequest-cost 0 ms.
2025-07-31 22:23:25 INFO ColdDataPullRequestHoldService - checkColdPullRequest-info-finish, queueSize: 0 successTotal: 0 errorTotal: 0
2025-07-31 22:23:25 INFO ColdDataPullRequestHoldService - [OK] checkColdDataPullRequest-cost 0 ms.
2025-07-31 22:23:45 INFO ColdDataPullRequestHoldService - checkColdPullRequest-info-finish, queueSize: 0 successTotal: 0 errorTotal: 0
2025-07-31 22:23:45 INFO ColdDataPullRequestHoldService - [OK] checkColdDataPullRequest-cost 0 ms.
2025-07-31 22:24:05 INFO ColdDataPullRequestHoldService - checkColdPullRequest-info-finish, queueSize: 0 successTotal: 0 errorTotal: 0
2025-07-31 22:24:05 INFO ColdDataPullRequestHoldService - [OK] checkColdDataPullRequest-cost 1 ms.
2025-07-31 22:24:25 INFO ColdDataPullRequestHoldService - checkColdPullRequest-info-finish, queueSize: 0 successTotal: 0 errorTotal: 0
2025-07-31 22:24:25 INFO ColdDataPullRequestHoldService - [OK] checkColdDataPullRequest-cost 1 ms.
2025-07-31 22:24:45 INFO ColdDataPullRequestHoldService - checkColdPullRequest-info-finish, queueSize: 0 successTotal: 0 errorTotal: 0
2025-07-31 22:24:45 INFO ColdDataPullRequestHoldService - [OK] checkColdDataPullRequest-cost 0 ms.
2025-07-31 22:25:05 INFO ColdDataPullRequestHoldService - checkColdPullRequest-info-finish, queueSize: 0 successTotal: 0 errorTotal: 0
2025-07-31 22:25:05 INFO ColdDataPullRequestHoldService - [OK] checkColdDataPullRequest-cost 0 ms.
2025-07-31 22:25:25 INFO ColdDataPullRequestHoldService - checkColdPullRequest-info-finish, queueSize: 0 successTotal: 0 errorTotal: 0
2025-07-31 22:25:25 INFO ColdDataPullRequestHoldService - [OK] checkColdDataPullRequest-cost 1 ms.
2025-07-31 22:25:45 INFO ColdDataCgCtrService - clearDataAcc cgColdThresholdMapRuntime key size: 0
2025-07-31 22:25:45 INFO ColdDataCgCtrService - [OK] clearTheDataAcc-cost 0 ms.
2025-07-31 22:25:45 INFO ColdDataPullRequestHoldService - checkColdPullRequest-info-finish, queueSize: 0 successTotal: 0 errorTotal: 0
2025-07-31 22:25:45 INFO ColdDataPullRequestHoldService - [OK] checkColdDataPullRequest-cost 0 ms.
2025-07-31 22:26:05 INFO ColdDataPullRequestHoldService - checkColdPullRequest-info-finish, queueSize: 0 successTotal: 0 errorTotal: 0
2025-07-31 22:26:05 INFO ColdDataPullRequestHoldService - [OK] checkColdDataPullRequest-cost 0 ms.
2025-07-31 22:26:25 INFO ColdDataPullRequestHoldService - checkColdPullRequest-info-finish, queueSize: 0 successTotal: 0 errorTotal: 0
2025-07-31 22:26:25 INFO ColdDataPullRequestHoldService - [OK] checkColdDataPullRequest-cost 0 ms.
2025-07-31 22:26:45 INFO ColdDataPullRequestHoldService - checkColdPullRequest-info-finish, queueSize: 0 successTotal: 0 errorTotal: 0
2025-07-31 22:26:45 INFO ColdDataPullRequestHoldService - [OK] checkColdDataPullRequest-cost 0 ms.
2025-07-31 22:27:05 INFO ColdDataPullRequestHoldService - checkColdPullRequest-info-finish, queueSize: 0 successTotal: 0 errorTotal: 0
2025-07-31 22:27:05 INFO ColdDataPullRequestHoldService - [OK] checkColdDataPullRequest-cost 1 ms.
2025-07-31 22:27:25 INFO ColdDataPullRequestHoldService - checkColdPullRequest-info-finish, queueSize: 0 successTotal: 0 errorTotal: 0
2025-07-31 22:27:25 INFO ColdDataPullRequestHoldService - [OK] checkColdDataPullRequest-cost 0 ms.
2025-07-31 22:27:45 INFO ColdDataPullRequestHoldService - checkColdPullRequest-info-finish, queueSize: 0 successTotal: 0 errorTotal: 0
2025-07-31 22:27:45 INFO ColdDataPullRequestHoldService - [OK] checkColdDataPullRequest-cost 0 ms.
2025-07-31 22:28:05 INFO ColdDataPullRequestHoldService - checkColdPullRequest-info-finish, queueSize: 0 successTotal: 0 errorTotal: 0
2025-07-31 22:28:05 INFO ColdDataPullRequestHoldService - [OK] checkColdDataPullRequest-cost 0 ms.
2025-07-31 22:28:25 INFO ColdDataPullRequestHoldService - checkColdPullRequest-info-finish, queueSize: 0 successTotal: 0 errorTotal: 0
2025-07-31 22:28:25 INFO ColdDataPullRequestHoldService - [OK] checkColdDataPullRequest-cost 1 ms.
2025-07-31 22:28:45 INFO ColdDataCgCtrService - clearDataAcc cgColdThresholdMapRuntime key size: 0
2025-07-31 22:28:45 INFO ColdDataCgCtrService - [OK] clearTheDataAcc-cost 1 ms.
2025-07-31 22:28:45 INFO ColdDataPullRequestHoldService - checkColdPullRequest-info-finish, queueSize: 0 successTotal: 0 errorTotal: 0
2025-07-31 22:28:45 INFO ColdDataPullRequestHoldService - [OK] checkColdDataPullRequest-cost 0 ms.
2025-07-31 22:29:05 INFO ColdDataPullRequestHoldService - checkColdPullRequest-info-finish, queueSize: 0 successTotal: 0 errorTotal: 0
2025-07-31 22:29:05 INFO ColdDataPullRequestHoldService - [OK] checkColdDataPullRequest-cost 0 ms.
2025-07-31 22:29:25 INFO ColdDataPullRequestHoldService - checkColdPullRequest-info-finish, queueSize: 0 successTotal: 0 errorTotal: 0
2025-07-31 22:29:25 INFO ColdDataPullRequestHoldService - [OK] checkColdDataPullRequest-cost 0 ms.
2025-07-31 22:29:45 INFO ColdDataPullRequestHoldService - checkColdPullRequest-info-finish, queueSize: 0 successTotal: 0 errorTotal: 0
2025-07-31 22:29:45 INFO ColdDataPullRequestHoldService - [OK] checkColdDataPullRequest-cost 0 ms.
2025-07-31 22:30:05 INFO ColdDataPullRequestHoldService - checkColdPullRequest-info-finish, queueSize: 0 successTotal: 0 errorTotal: 0
2025-07-31 22:30:05 INFO ColdDataPullRequestHoldService - [OK] checkColdDataPullRequest-cost 1 ms.
2025-07-31 22:30:25 INFO ColdDataPullRequestHoldService - checkColdPullRequest-info-finish, queueSize: 0 successTotal: 0 errorTotal: 0
2025-07-31 22:30:25 INFO ColdDataPullRequestHoldService - [OK] checkColdDataPullRequest-cost 1 ms.
2025-07-31 22:30:45 INFO ColdDataPullRequestHoldService - checkColdPullRequest-info-finish, queueSize: 0 successTotal: 0 errorTotal: 0
2025-07-31 22:30:45 INFO ColdDataPullRequestHoldService - [OK] checkColdDataPullRequest-cost 1 ms.
2025-07-31 22:31:05 INFO ColdDataPullRequestHoldService - checkColdPullRequest-info-finish, queueSize: 0 successTotal: 0 errorTotal: 0
2025-07-31 22:31:05 INFO ColdDataPullRequestHoldService - [OK] checkColdDataPullRequest-cost 0 ms.
2025-07-31 22:31:25 INFO ColdDataPullRequestHoldService - checkColdPullRequest-info-finish, queueSize: 0 successTotal: 0 errorTotal: 0
2025-07-31 22:31:25 INFO ColdDataPullRequestHoldService - [OK] checkColdDataPullRequest-cost 0 ms.
2025-07-31 22:31:45 INFO ColdDataCgCtrService - clearDataAcc cgColdThresholdMapRuntime key size: 0
2025-07-31 22:31:45 INFO ColdDataCgCtrService - [OK] clearTheDataAcc-cost 1 ms.
2025-07-31 22:31:45 INFO ColdDataPullRequestHoldService - checkColdPullRequest-info-finish, queueSize: 0 successTotal: 0 errorTotal: 0
2025-07-31 22:31:45 INFO ColdDataPullRequestHoldService - [OK] checkColdDataPullRequest-cost 1 ms.
2025-07-31 22:32:05 INFO ColdDataPullRequestHoldService - checkColdPullRequest-info-finish, queueSize: 0 successTotal: 0 errorTotal: 0
2025-07-31 22:32:05 INFO ColdDataPullRequestHoldService - [OK] checkColdDataPullRequest-cost 0 ms.
2025-07-31 22:32:25 INFO ColdDataPullRequestHoldService - checkColdPullRequest-info-finish, queueSize: 0 successTotal: 0 errorTotal: 0
2025-07-31 22:32:25 INFO ColdDataPullRequestHoldService - [OK] checkColdDataPullRequest-cost 0 ms.
2025-07-31 22:32:45 INFO ColdDataPullRequestHoldService - checkColdPullRequest-info-finish, queueSize: 0 successTotal: 0 errorTotal: 0
2025-07-31 22:32:45 INFO ColdDataPullRequestHoldService - [OK] checkColdDataPullRequest-cost 0 ms.
2025-07-31 22:33:05 INFO ColdDataPullRequestHoldService - checkColdPullRequest-info-finish, queueSize: 0 successTotal: 0 errorTotal: 0
2025-07-31 22:33:05 INFO ColdDataPullRequestHoldService - [OK] checkColdDataPullRequest-cost 0 ms.
2025-07-31 22:33:25 INFO ColdDataPullRequestHoldService - checkColdPullRequest-info-finish, queueSize: 0 successTotal: 0 errorTotal: 0
2025-07-31 22:33:25 INFO ColdDataPullRequestHoldService - [OK] checkColdDataPullRequest-cost 0 ms.
2025-07-31 22:33:45 INFO ColdDataPullRequestHoldService - checkColdPullRequest-info-finish, queueSize: 0 successTotal: 0 errorTotal: 0
2025-07-31 22:33:45 INFO ColdDataPullRequestHoldService - [OK] checkColdDataPullRequest-cost 0 ms.
2025-07-31 22:34:05 INFO ColdDataPullRequestHoldService - checkColdPullRequest-info-finish, queueSize: 0 successTotal: 0 errorTotal: 0
2025-07-31 22:34:05 INFO ColdDataPullRequestHoldService - [OK] checkColdDataPullRequest-cost 0 ms.
2025-07-31 22:34:25 INFO ColdDataPullRequestHoldService - checkColdPullRequest-info-finish, queueSize: 0 successTotal: 0 errorTotal: 0
2025-07-31 22:34:25 INFO ColdDataPullRequestHoldService - [OK] checkColdDataPullRequest-cost 1 ms.
2025-07-31 22:34:45 INFO ColdDataCgCtrService - clearDataAcc cgColdThresholdMapRuntime key size: 0
2025-07-31 22:34:45 INFO ColdDataCgCtrService - [OK] clearTheDataAcc-cost 0 ms.
2025-07-31 22:34:45 INFO ColdDataPullRequestHoldService - checkColdPullRequest-info-finish, queueSize: 0 successTotal: 0 errorTotal: 0
2025-07-31 22:34:45 INFO ColdDataPullRequestHoldService - [OK] checkColdDataPullRequest-cost 0 ms.
2025-07-31 22:35:05 INFO ColdDataPullRequestHoldService - checkColdPullRequest-info-finish, queueSize: 0 successTotal: 0 errorTotal: 0
2025-07-31 22:35:05 INFO ColdDataPullRequestHoldService - [OK] checkColdDataPullRequest-cost 0 ms.
2025-07-31 22:35:25 INFO ColdDataPullRequestHoldService - checkColdPullRequest-info-finish, queueSize: 0 successTotal: 0 errorTotal: 0
2025-07-31 22:35:25 INFO ColdDataPullRequestHoldService - [OK] checkColdDataPullRequest-cost 0 ms.
2025-07-31 22:35:45 INFO ColdDataPullRequestHoldService - checkColdPullRequest-info-finish, queueSize: 0 successTotal: 0 errorTotal: 0
2025-07-31 22:35:45 INFO ColdDataPullRequestHoldService - [OK] checkColdDataPullRequest-cost 0 ms.
2025-07-31 22:36:05 INFO ColdDataPullRequestHoldService - checkColdPullRequest-info-finish, queueSize: 0 successTotal: 0 errorTotal: 0
2025-07-31 22:36:05 INFO ColdDataPullRequestHoldService - [OK] checkColdDataPullRequest-cost 0 ms.
2025-07-31 22:36:25 INFO ColdDataPullRequestHoldService - checkColdPullRequest-info-finish, queueSize: 0 successTotal: 0 errorTotal: 0
2025-07-31 22:36:25 INFO ColdDataPullRequestHoldService - [OK] checkColdDataPullRequest-cost 0 ms.
2025-07-31 22:36:45 INFO ColdDataPullRequestHoldService - checkColdPullRequest-info-finish, queueSize: 0 successTotal: 0 errorTotal: 0
2025-07-31 22:36:45 INFO ColdDataPullRequestHoldService - [OK] checkColdDataPullRequest-cost 0 ms.
2025-07-31 22:37:05 INFO ColdDataPullRequestHoldService - checkColdPullRequest-info-finish, queueSize: 0 successTotal: 0 errorTotal: 0
2025-07-31 22:37:05 INFO ColdDataPullRequestHoldService - [OK] checkColdDataPullRequest-cost 0 ms.
2025-07-31 22:37:25 INFO ColdDataPullRequestHoldService - checkColdPullRequest-info-finish, queueSize: 0 successTotal: 0 errorTotal: 0
2025-07-31 22:37:25 INFO ColdDataPullRequestHoldService - [OK] checkColdDataPullRequest-cost 0 ms.
2025-07-31 22:37:45 INFO ColdDataCgCtrService - clearDataAcc cgColdThresholdMapRuntime key size: 0
2025-07-31 22:37:45 INFO ColdDataCgCtrService - [OK] clearTheDataAcc-cost 1 ms.
2025-07-31 22:37:45 INFO ColdDataPullRequestHoldService - checkColdPullRequest-info-finish, queueSize: 0 successTotal: 0 errorTotal: 0
2025-07-31 22:37:45 INFO ColdDataPullRequestHoldService - [OK] checkColdDataPullRequest-cost 0 ms.
2025-07-31 22:38:05 INFO ColdDataPullRequestHoldService - checkColdPullRequest-info-finish, queueSize: 0 successTotal: 0 errorTotal: 0
2025-07-31 22:38:05 INFO ColdDataPullRequestHoldService - [OK] checkColdDataPullRequest-cost 1 ms.
2025-07-31 22:38:25 INFO ColdDataPullRequestHoldService - checkColdPullRequest-info-finish, queueSize: 0 successTotal: 0 errorTotal: 0
2025-07-31 22:38:25 INFO ColdDataPullRequestHoldService - [OK] checkColdDataPullRequest-cost 0 ms.
2025-07-31 22:38:45 INFO ColdDataPullRequestHoldService - checkColdPullRequest-info-finish, queueSize: 0 successTotal: 0 errorTotal: 0
2025-07-31 22:38:45 INFO ColdDataPullRequestHoldService - [OK] checkColdDataPullRequest-cost 0 ms.
2025-07-31 22:39:05 INFO ColdDataPullRequestHoldService - checkColdPullRequest-info-finish, queueSize: 0 successTotal: 0 errorTotal: 0
2025-07-31 22:39:05 INFO ColdDataPullRequestHoldService - [OK] checkColdDataPullRequest-cost 1 ms.
2025-07-31 22:39:25 INFO ColdDataPullRequestHoldService - checkColdPullRequest-info-finish, queueSize: 0 successTotal: 0 errorTotal: 0
2025-07-31 22:39:25 INFO ColdDataPullRequestHoldService - [OK] checkColdDataPullRequest-cost 1 ms.
2025-07-31 22:39:45 INFO ColdDataPullRequestHoldService - checkColdPullRequest-info-finish, queueSize: 0 successTotal: 0 errorTotal: 0
2025-07-31 22:39:45 INFO ColdDataPullRequestHoldService - [OK] checkColdDataPullRequest-cost 0 ms.
2025-07-31 22:40:05 INFO ColdDataPullRequestHoldService - checkColdPullRequest-info-finish, queueSize: 0 successTotal: 0 errorTotal: 0
2025-07-31 22:40:05 INFO ColdDataPullRequestHoldService - [OK] checkColdDataPullRequest-cost 0 ms.
2025-07-31 22:40:25 INFO ColdDataPullRequestHoldService - checkColdPullRequest-info-finish, queueSize: 0 successTotal: 0 errorTotal: 0
2025-07-31 22:40:25 INFO ColdDataPullRequestHoldService - [OK] checkColdDataPullRequest-cost 0 ms.
2025-07-31 22:40:45 INFO ColdDataCgCtrService - clearDataAcc cgColdThresholdMapRuntime key size: 0
2025-07-31 22:40:45 INFO ColdDataCgCtrService - [OK] clearTheDataAcc-cost 1 ms.
2025-07-31 22:40:45 INFO ColdDataPullRequestHoldService - checkColdPullRequest-info-finish, queueSize: 0 successTotal: 0 errorTotal: 0
2025-07-31 22:40:45 INFO ColdDataPullRequestHoldService - [OK] checkColdDataPullRequest-cost 0 ms.
2025-07-31 22:41:05 INFO ColdDataPullRequestHoldService - checkColdPullRequest-info-finish, queueSize: 0 successTotal: 0 errorTotal: 0
2025-07-31 22:41:05 INFO ColdDataPullRequestHoldService - [OK] checkColdDataPullRequest-cost 1 ms.
2025-07-31 22:41:25 INFO ColdDataPullRequestHoldService - checkColdPullRequest-info-finish, queueSize: 0 successTotal: 0 errorTotal: 0
2025-07-31 22:41:25 INFO ColdDataPullRequestHoldService - [OK] checkColdDataPullRequest-cost 0 ms.
2025-07-31 22:41:45 INFO ColdDataPullRequestHoldService - checkColdPullRequest-info-finish, queueSize: 0 successTotal: 0 errorTotal: 0
2025-07-31 22:41:45 INFO ColdDataPullRequestHoldService - [OK] checkColdDataPullRequest-cost 0 ms.
2025-07-31 22:42:05 INFO ColdDataPullRequestHoldService - checkColdPullRequest-info-finish, queueSize: 0 successTotal: 0 errorTotal: 0
2025-07-31 22:42:05 INFO ColdDataPullRequestHoldService - [OK] checkColdDataPullRequest-cost 0 ms.
2025-07-31 22:42:25 INFO ColdDataPullRequestHoldService - checkColdPullRequest-info-finish, queueSize: 0 successTotal: 0 errorTotal: 0
2025-07-31 22:42:25 INFO ColdDataPullRequestHoldService - [OK] checkColdDataPullRequest-cost 0 ms.
2025-07-31 22:42:45 INFO ColdDataPullRequestHoldService - checkColdPullRequest-info-finish, queueSize: 0 successTotal: 0 errorTotal: 0
2025-07-31 22:42:45 INFO ColdDataPullRequestHoldService - [OK] checkColdDataPullRequest-cost 0 ms.
2025-07-31 22:43:05 INFO ColdDataPullRequestHoldService - checkColdPullRequest-info-finish, queueSize: 0 successTotal: 0 errorTotal: 0
2025-07-31 22:43:05 INFO ColdDataPullRequestHoldService - [OK] checkColdDataPullRequest-cost 0 ms.
2025-07-31 22:43:25 INFO ColdDataPullRequestHoldService - checkColdPullRequest-info-finish, queueSize: 0 successTotal: 0 errorTotal: 0
2025-07-31 22:43:25 INFO ColdDataPullRequestHoldService - [OK] checkColdDataPullRequest-cost 1 ms.
2025-07-31 22:43:45 INFO ColdDataCgCtrService - clearDataAcc cgColdThresholdMapRuntime key size: 0
2025-07-31 22:43:45 INFO ColdDataCgCtrService - [OK] clearTheDataAcc-cost 0 ms.
2025-07-31 22:43:45 INFO ColdDataPullRequestHoldService - checkColdPullRequest-info-finish, queueSize: 0 successTotal: 0 errorTotal: 0
2025-07-31 22:43:45 INFO ColdDataPullRequestHoldService - [OK] checkColdDataPullRequest-cost 0 ms.
2025-07-31 22:44:05 INFO ColdDataPullRequestHoldService - checkColdPullRequest-info-finish, queueSize: 0 successTotal: 0 errorTotal: 0
2025-07-31 22:44:05 INFO ColdDataPullRequestHoldService - [OK] checkColdDataPullRequest-cost 0 ms.
2025-07-31 22:44:25 INFO ColdDataPullRequestHoldService - checkColdPullRequest-info-finish, queueSize: 0 successTotal: 0 errorTotal: 0
2025-07-31 22:44:25 INFO ColdDataPullRequestHoldService - [OK] checkColdDataPullRequest-cost 0 ms.
2025-07-31 22:44:45 INFO ColdDataPullRequestHoldService - checkColdPullRequest-info-finish, queueSize: 0 successTotal: 0 errorTotal: 0
2025-07-31 22:44:45 INFO ColdDataPullRequestHoldService - [OK] checkColdDataPullRequest-cost 0 ms.
2025-07-31 22:45:05 INFO ColdDataPullRequestHoldService - checkColdPullRequest-info-finish, queueSize: 0 successTotal: 0 errorTotal: 0
2025-07-31 22:45:05 INFO ColdDataPullRequestHoldService - [OK] checkColdDataPullRequest-cost 1 ms.
2025-07-31 22:45:25 INFO ColdDataPullRequestHoldService - checkColdPullRequest-info-finish, queueSize: 0 successTotal: 0 errorTotal: 0
2025-07-31 22:45:25 INFO ColdDataPullRequestHoldService - [OK] checkColdDataPullRequest-cost 0 ms.
2025-07-31 22:45:45 INFO ColdDataPullRequestHoldService - checkColdPullRequest-info-finish, queueSize: 0 successTotal: 0 errorTotal: 0
2025-07-31 22:45:45 INFO ColdDataPullRequestHoldService - [OK] checkColdDataPullRequest-cost 0 ms.
2025-07-31 22:46:05 INFO ColdDataPullRequestHoldService - checkColdPullRequest-info-finish, queueSize: 0 successTotal: 0 errorTotal: 0
2025-07-31 22:46:05 INFO ColdDataPullRequestHoldService - [OK] checkColdDataPullRequest-cost 0 ms.
2025-07-31 22:46:25 INFO ColdDataPullRequestHoldService - checkColdPullRequest-info-finish, queueSize: 0 successTotal: 0 errorTotal: 0
2025-07-31 22:46:25 INFO ColdDataPullRequestHoldService - [OK] checkColdDataPullRequest-cost 1 ms.
2025-07-31 22:46:45 INFO ColdDataCgCtrService - clearDataAcc cgColdThresholdMapRuntime key size: 0
2025-07-31 22:46:45 INFO ColdDataCgCtrService - [OK] clearTheDataAcc-cost 0 ms.
2025-07-31 22:46:45 INFO ColdDataPullRequestHoldService - checkColdPullRequest-info-finish, queueSize: 0 successTotal: 0 errorTotal: 0
2025-07-31 22:46:45 INFO ColdDataPullRequestHoldService - [OK] checkColdDataPullRequest-cost 0 ms.
2025-07-31 22:47:05 INFO ColdDataPullRequestHoldService - checkColdPullRequest-info-finish, queueSize: 0 successTotal: 0 errorTotal: 0
2025-07-31 22:47:05 INFO ColdDataPullRequestHoldService - [OK] checkColdDataPullRequest-cost 0 ms.
2025-07-31 22:47:25 INFO ColdDataPullRequestHoldService - checkColdPullRequest-info-finish, queueSize: 0 successTotal: 0 errorTotal: 0
2025-07-31 22:47:25 INFO ColdDataPullRequestHoldService - [OK] checkColdDataPullRequest-cost 0 ms.
2025-07-31 22:47:45 INFO ColdDataPullRequestHoldService - checkColdPullRequest-info-finish, queueSize: 0 successTotal: 0 errorTotal: 0
2025-07-31 22:47:45 INFO ColdDataPullRequestHoldService - [OK] checkColdDataPullRequest-cost 0 ms.
2025-07-31 22:48:05 INFO ColdDataPullRequestHoldService - checkColdPullRequest-info-finish, queueSize: 0 successTotal: 0 errorTotal: 0
2025-07-31 22:48:05 INFO ColdDataPullRequestHoldService - [OK] checkColdDataPullRequest-cost 0 ms.
2025-07-31 22:48:25 INFO ColdDataPullRequestHoldService - checkColdPullRequest-info-finish, queueSize: 0 successTotal: 0 errorTotal: 0
2025-07-31 22:48:25 INFO ColdDataPullRequestHoldService - [OK] checkColdDataPullRequest-cost 0 ms.
2025-07-31 22:48:45 INFO ColdDataPullRequestHoldService - checkColdPullRequest-info-finish, queueSize: 0 successTotal: 0 errorTotal: 0
2025-07-31 22:48:45 INFO ColdDataPullRequestHoldService - [OK] checkColdDataPullRequest-cost 0 ms.
2025-07-31 22:49:05 INFO ColdDataPullRequestHoldService - checkColdPullRequest-info-finish, queueSize: 0 successTotal: 0 errorTotal: 0
2025-07-31 22:49:05 INFO ColdDataPullRequestHoldService - [OK] checkColdDataPullRequest-cost 1 ms.
2025-07-31 22:49:25 INFO ColdDataPullRequestHoldService - checkColdPullRequest-info-finish, queueSize: 0 successTotal: 0 errorTotal: 0
2025-07-31 22:49:25 INFO ColdDataPullRequestHoldService - [OK] checkColdDataPullRequest-cost 0 ms.
2025-07-31 22:49:45 INFO ColdDataCgCtrService - clearDataAcc cgColdThresholdMapRuntime key size: 0
2025-07-31 22:49:45 INFO ColdDataCgCtrService - [OK] clearTheDataAcc-cost 0 ms.
2025-07-31 22:49:45 INFO ColdDataPullRequestHoldService - checkColdPullRequest-info-finish, queueSize: 0 successTotal: 0 errorTotal: 0
2025-07-31 22:49:45 INFO ColdDataPullRequestHoldService - [OK] checkColdDataPullRequest-cost 0 ms.
2025-07-31 22:50:05 INFO ColdDataPullRequestHoldService - checkColdPullRequest-info-finish, queueSize: 0 successTotal: 0 errorTotal: 0
2025-07-31 22:50:05 INFO ColdDataPullRequestHoldService - [OK] checkColdDataPullRequest-cost 0 ms.
2025-07-31 22:50:25 INFO ColdDataPullRequestHoldService - checkColdPullRequest-info-finish, queueSize: 0 successTotal: 0 errorTotal: 0
2025-07-31 22:50:25 INFO ColdDataPullRequestHoldService - [OK] checkColdDataPullRequest-cost 0 ms.
2025-07-31 22:50:45 INFO ColdDataPullRequestHoldService - checkColdPullRequest-info-finish, queueSize: 0 successTotal: 0 errorTotal: 0
2025-07-31 22:50:45 INFO ColdDataPullRequestHoldService - [OK] checkColdDataPullRequest-cost 0 ms.
2025-07-31 22:51:05 INFO ColdDataPullRequestHoldService - checkColdPullRequest-info-finish, queueSize: 0 successTotal: 0 errorTotal: 0
2025-07-31 22:51:05 INFO ColdDataPullRequestHoldService - [OK] checkColdDataPullRequest-cost 1 ms.
2025-07-31 22:51:25 INFO ColdDataPullRequestHoldService - checkColdPullRequest-info-finish, queueSize: 0 successTotal: 0 errorTotal: 0
2025-07-31 22:51:25 INFO ColdDataPullRequestHoldService - [OK] checkColdDataPullRequest-cost 1 ms.
2025-07-31 22:51:45 INFO ColdDataPullRequestHoldService - checkColdPullRequest-info-finish, queueSize: 0 successTotal: 0 errorTotal: 0
2025-07-31 22:51:45 INFO ColdDataPullRequestHoldService - [OK] checkColdDataPullRequest-cost 1 ms.
2025-07-31 22:52:05 INFO ColdDataPullRequestHoldService - checkColdPullRequest-info-finish, queueSize: 0 successTotal: 0 errorTotal: 0
2025-07-31 22:52:05 INFO ColdDataPullRequestHoldService - [OK] checkColdDataPullRequest-cost 0 ms.
2025-07-31 22:52:25 INFO ColdDataPullRequestHoldService - checkColdPullRequest-info-finish, queueSize: 0 successTotal: 0 errorTotal: 0
2025-07-31 22:52:25 INFO ColdDataPullRequestHoldService - [OK] checkColdDataPullRequest-cost 0 ms.
2025-07-31 22:55:51 INFO ColdDataCgCtrService - ColdDataCgCtrService service started
2025-07-31 22:55:51 INFO ColdDataPullRequestHoldService - ColdDataPullRequestHoldService service started
2025-07-31 22:56:11 INFO ColdDataPullRequestHoldService - checkColdPullRequest-info-finish, queueSize: 0 successTotal: 0 errorTotal: 0
2025-07-31 22:56:11 INFO ColdDataPullRequestHoldService - [OK] checkColdDataPullRequest-cost 1 ms.
