2025-07-30 19:59:12 - [WATERMARK] Send Queue Size: 0 SlowTimeMills: 0
2025-07-30 19:59:12 - [WATERMARK] Pull Queue Size: 0 SlowTimeMills: 0
2025-07-30 19:59:12 - [WATERMARK] Query Queue Size: 0 SlowTimeMills: 0
2025-07-30 19:59:12 - [WATERMARK] Lite Pull Queue Size: 0 SlowTimeMills: 0
2025-07-30 19:59:12 - [WATERMARK] Transaction Queue Size: 0 SlowTimeMills: 0
2025-07-30 19:59:12 - [WATERMARK] ClientManager Queue Size: 0 SlowTimeMills: 0
2025-07-30 19:59:12 - [WATERMARK] Heartbeat Queue Size: 0 SlowTimeMills: 0
2025-07-30 19:59:12 - [WATERMARK] Ack Queue Size: 0 SlowTimeMills: 0
2025-07-30 19:59:12 - [WATERMARK] Admin Queue Size: 0 SlowTimeMills: 0
2025-07-30 19:59:13 - [WATERMARK] Send Queue Size: 0 SlowTimeMills: 0
2025-07-30 19:59:13 - [WATERMARK] Pull Queue Size: 0 SlowTimeMills: 0
2025-07-30 19:59:13 - [WATERMARK] Query Queue Size: 0 SlowTimeMills: 0
2025-07-30 19:59:13 - [WATERMARK] Lite Pull Queue Size: 0 SlowTimeMills: 0
2025-07-30 19:59:13 - [WATERMARK] Transaction Queue Size: 0 SlowTimeMills: 0
2025-07-30 19:59:13 - [WATERMARK] ClientManager Queue Size: 0 SlowTimeMills: 0
2025-07-30 19:59:13 - [WATERMARK] Heartbeat Queue Size: 0 SlowTimeMills: 0
2025-07-30 19:59:13 - [WATERMARK] Ack Queue Size: 0 SlowTimeMills: 0
2025-07-30 19:59:13 - [WATERMARK] Admin Queue Size: 0 SlowTimeMills: 0
2025-07-30 19:59:14 - [WATERMARK] Send Queue Size: 0 SlowTimeMills: 0
2025-07-30 19:59:14 - [WATERMARK] Pull Queue Size: 0 SlowTimeMills: 0
2025-07-30 19:59:14 - [WATERMARK] Query Queue Size: 0 SlowTimeMills: 0
2025-07-30 19:59:14 - [WATERMARK] Lite Pull Queue Size: 0 SlowTimeMills: 0
2025-07-30 19:59:14 - [WATERMARK] Transaction Queue Size: 0 SlowTimeMills: 0
2025-07-30 19:59:14 - [WATERMARK] ClientManager Queue Size: 0 SlowTimeMills: 0
2025-07-30 19:59:14 - [WATERMARK] Heartbeat Queue Size: 0 SlowTimeMills: 0
2025-07-30 19:59:14 - [WATERMARK] Ack Queue Size: 0 SlowTimeMills: 0
2025-07-30 19:59:14 - [WATERMARK] Admin Queue Size: 0 SlowTimeMills: 0
2025-07-30 19:59:15 - [WATERMARK] Send Queue Size: 0 SlowTimeMills: 0
2025-07-30 19:59:15 - [WATERMARK] Pull Queue Size: 0 SlowTimeMills: 0
2025-07-30 19:59:15 - [WATERMARK] Query Queue Size: 0 SlowTimeMills: 0
2025-07-30 19:59:15 - [WATERMARK] Lite Pull Queue Size: 0 SlowTimeMills: 0
2025-07-30 19:59:15 - [WATERMARK] Transaction Queue Size: 0 SlowTimeMills: 0
2025-07-30 19:59:15 - [WATERMARK] ClientManager Queue Size: 0 SlowTimeMills: 0
2025-07-30 19:59:15 - [WATERMARK] Heartbeat Queue Size: 0 SlowTimeMills: 0
2025-07-30 19:59:15 - [WATERMARK] Ack Queue Size: 0 SlowTimeMills: 0
2025-07-30 19:59:15 - [WATERMARK] Admin Queue Size: 0 SlowTimeMills: 0
2025-07-30 19:59:16 - [WATERMARK] Send Queue Size: 0 SlowTimeMills: 0
2025-07-30 19:59:16 - [WATERMARK] Pull Queue Size: 0 SlowTimeMills: 0
2025-07-30 19:59:16 - [WATERMARK] Query Queue Size: 0 SlowTimeMills: 0
2025-07-30 19:59:16 - [WATERMARK] Lite Pull Queue Size: 0 SlowTimeMills: 0
2025-07-30 19:59:16 - [WATERMARK] Transaction Queue Size: 0 SlowTimeMills: 0
2025-07-30 19:59:16 - [WATERMARK] ClientManager Queue Size: 0 SlowTimeMills: 0
2025-07-30 19:59:16 - [WATERMARK] Heartbeat Queue Size: 0 SlowTimeMills: 0
2025-07-30 19:59:16 - [WATERMARK] Ack Queue Size: 0 SlowTimeMills: 0
2025-07-30 19:59:16 - [WATERMARK] Admin Queue Size: 0 SlowTimeMills: 0
2025-07-30 19:59:17 - [WATERMARK] Send Queue Size: 0 SlowTimeMills: 0
2025-07-30 19:59:17 - [WATERMARK] Pull Queue Size: 0 SlowTimeMills: 0
2025-07-30 19:59:17 - [WATERMARK] Query Queue Size: 0 SlowTimeMills: 0
2025-07-30 19:59:17 - [WATERMARK] Lite Pull Queue Size: 0 SlowTimeMills: 0
2025-07-30 19:59:17 - [WATERMARK] Transaction Queue Size: 0 SlowTimeMills: 0
2025-07-30 19:59:17 - [WATERMARK] ClientManager Queue Size: 0 SlowTimeMills: 0
2025-07-30 19:59:17 - [WATERMARK] Heartbeat Queue Size: 0 SlowTimeMills: 0
2025-07-30 19:59:17 - [WATERMARK] Ack Queue Size: 0 SlowTimeMills: 0
2025-07-30 19:59:17 - [WATERMARK] Admin Queue Size: 0 SlowTimeMills: 0
2025-07-30 19:59:18 - [WATERMARK] Send Queue Size: 0 SlowTimeMills: 0
2025-07-30 19:59:18 - [WATERMARK] Pull Queue Size: 0 SlowTimeMills: 0
2025-07-30 19:59:18 - [WATERMARK] Query Queue Size: 0 SlowTimeMills: 0
2025-07-30 19:59:18 - [WATERMARK] Lite Pull Queue Size: 0 SlowTimeMills: 0
2025-07-30 19:59:18 - [WATERMARK] Transaction Queue Size: 0 SlowTimeMills: 0
2025-07-30 19:59:18 - [WATERMARK] ClientManager Queue Size: 0 SlowTimeMills: 0
2025-07-30 19:59:18 - [WATERMARK] Heartbeat Queue Size: 0 SlowTimeMills: 0
2025-07-30 19:59:18 - [WATERMARK] Ack Queue Size: 0 SlowTimeMills: 0
2025-07-30 19:59:18 - [WATERMARK] Admin Queue Size: 0 SlowTimeMills: 0
2025-07-30 19:59:19 - [WATERMARK] Send Queue Size: 0 SlowTimeMills: 0
2025-07-30 19:59:19 - [WATERMARK] Pull Queue Size: 0 SlowTimeMills: 0
2025-07-30 19:59:19 - [WATERMARK] Query Queue Size: 0 SlowTimeMills: 0
2025-07-30 19:59:19 - [WATERMARK] Lite Pull Queue Size: 0 SlowTimeMills: 0
2025-07-30 19:59:19 - [WATERMARK] Transaction Queue Size: 0 SlowTimeMills: 0
2025-07-30 19:59:19 - [WATERMARK] ClientManager Queue Size: 0 SlowTimeMills: 0
2025-07-30 19:59:19 - [WATERMARK] Heartbeat Queue Size: 0 SlowTimeMills: 0
2025-07-30 19:59:19 - [WATERMARK] Ack Queue Size: 0 SlowTimeMills: 0
2025-07-30 19:59:19 - [WATERMARK] Admin Queue Size: 0 SlowTimeMills: 0
2025-07-30 19:59:20 - [WATERMARK] Send Queue Size: 0 SlowTimeMills: 0
2025-07-30 19:59:20 - [WATERMARK] Pull Queue Size: 0 SlowTimeMills: 0
2025-07-30 19:59:20 - [WATERMARK] Query Queue Size: 0 SlowTimeMills: 0
2025-07-30 19:59:20 - [WATERMARK] Lite Pull Queue Size: 0 SlowTimeMills: 0
2025-07-30 19:59:20 - [WATERMARK] Transaction Queue Size: 0 SlowTimeMills: 0
2025-07-30 19:59:20 - [WATERMARK] ClientManager Queue Size: 0 SlowTimeMills: 0
2025-07-30 19:59:20 - [WATERMARK] Heartbeat Queue Size: 0 SlowTimeMills: 0
2025-07-30 19:59:20 - [WATERMARK] Ack Queue Size: 0 SlowTimeMills: 0
2025-07-30 19:59:20 - [WATERMARK] Admin Queue Size: 0 SlowTimeMills: 0
2025-07-30 19:59:21 - [WATERMARK] Send Queue Size: 0 SlowTimeMills: 0
2025-07-30 19:59:21 - [WATERMARK] Pull Queue Size: 0 SlowTimeMills: 0
2025-07-30 19:59:21 - [WATERMARK] Query Queue Size: 0 SlowTimeMills: 0
2025-07-30 19:59:21 - [WATERMARK] Lite Pull Queue Size: 0 SlowTimeMills: 0
2025-07-30 19:59:21 - [WATERMARK] Transaction Queue Size: 0 SlowTimeMills: 0
2025-07-30 19:59:21 - [WATERMARK] ClientManager Queue Size: 0 SlowTimeMills: 0
2025-07-30 19:59:21 - [WATERMARK] Heartbeat Queue Size: 0 SlowTimeMills: 0
2025-07-30 19:59:21 - [WATERMARK] Ack Queue Size: 0 SlowTimeMills: 0
2025-07-30 19:59:21 - [WATERMARK] Admin Queue Size: 0 SlowTimeMills: 0
2025-07-30 19:59:22 - [WATERMARK] Send Queue Size: 0 SlowTimeMills: 0
2025-07-30 19:59:22 - [WATERMARK] Pull Queue Size: 0 SlowTimeMills: 0
2025-07-30 19:59:22 - [WATERMARK] Query Queue Size: 0 SlowTimeMills: 0
2025-07-30 19:59:22 - [WATERMARK] Lite Pull Queue Size: 0 SlowTimeMills: 0
2025-07-30 19:59:22 - [WATERMARK] Transaction Queue Size: 0 SlowTimeMills: 0
2025-07-30 19:59:22 - [WATERMARK] ClientManager Queue Size: 0 SlowTimeMills: 0
2025-07-30 19:59:22 - [WATERMARK] Heartbeat Queue Size: 0 SlowTimeMills: 0
2025-07-30 19:59:22 - [WATERMARK] Ack Queue Size: 0 SlowTimeMills: 0
2025-07-30 19:59:22 - [WATERMARK] Admin Queue Size: 0 SlowTimeMills: 0
2025-07-30 19:59:23 - [WATERMARK] Send Queue Size: 0 SlowTimeMills: 0
2025-07-30 19:59:23 - [WATERMARK] Pull Queue Size: 0 SlowTimeMills: 0
2025-07-30 19:59:23 - [WATERMARK] Query Queue Size: 0 SlowTimeMills: 0
2025-07-30 19:59:23 - [WATERMARK] Lite Pull Queue Size: 0 SlowTimeMills: 0
2025-07-30 19:59:23 - [WATERMARK] Transaction Queue Size: 0 SlowTimeMills: 0
2025-07-30 19:59:23 - [WATERMARK] ClientManager Queue Size: 0 SlowTimeMills: 0
2025-07-30 19:59:23 - [WATERMARK] Heartbeat Queue Size: 0 SlowTimeMills: 0
2025-07-30 19:59:23 - [WATERMARK] Ack Queue Size: 0 SlowTimeMills: 0
2025-07-30 19:59:23 - [WATERMARK] Admin Queue Size: 0 SlowTimeMills: 0
2025-07-30 19:59:24 - [WATERMARK] Send Queue Size: 0 SlowTimeMills: 0
2025-07-30 19:59:24 - [WATERMARK] Pull Queue Size: 0 SlowTimeMills: 0
2025-07-30 19:59:24 - [WATERMARK] Query Queue Size: 0 SlowTimeMills: 0
2025-07-30 19:59:24 - [WATERMARK] Lite Pull Queue Size: 0 SlowTimeMills: 0
2025-07-30 19:59:24 - [WATERMARK] Transaction Queue Size: 0 SlowTimeMills: 0
2025-07-30 19:59:24 - [WATERMARK] ClientManager Queue Size: 0 SlowTimeMills: 0
2025-07-30 19:59:24 - [WATERMARK] Heartbeat Queue Size: 0 SlowTimeMills: 0
2025-07-30 19:59:24 - [WATERMARK] Ack Queue Size: 0 SlowTimeMills: 0
2025-07-30 19:59:24 - [WATERMARK] Admin Queue Size: 0 SlowTimeMills: 0
2025-07-30 19:59:25 - [WATERMARK] Send Queue Size: 0 SlowTimeMills: 0
2025-07-30 19:59:25 - [WATERMARK] Pull Queue Size: 0 SlowTimeMills: 0
2025-07-30 19:59:25 - [WATERMARK] Query Queue Size: 0 SlowTimeMills: 0
2025-07-30 19:59:25 - [WATERMARK] Lite Pull Queue Size: 0 SlowTimeMills: 0
2025-07-30 19:59:25 - [WATERMARK] Transaction Queue Size: 0 SlowTimeMills: 0
2025-07-30 19:59:25 - [WATERMARK] ClientManager Queue Size: 0 SlowTimeMills: 0
2025-07-30 19:59:25 - [WATERMARK] Heartbeat Queue Size: 0 SlowTimeMills: 0
2025-07-30 19:59:25 - [WATERMARK] Ack Queue Size: 0 SlowTimeMills: 0
2025-07-30 19:59:25 - [WATERMARK] Admin Queue Size: 0 SlowTimeMills: 0
2025-07-30 19:59:26 - [WATERMARK] Send Queue Size: 0 SlowTimeMills: 0
2025-07-30 19:59:26 - [WATERMARK] Pull Queue Size: 0 SlowTimeMills: 0
2025-07-30 19:59:26 - [WATERMARK] Query Queue Size: 0 SlowTimeMills: 0
2025-07-30 19:59:26 - [WATERMARK] Lite Pull Queue Size: 0 SlowTimeMills: 0
2025-07-30 19:59:26 - [WATERMARK] Transaction Queue Size: 0 SlowTimeMills: 0
2025-07-30 19:59:26 - [WATERMARK] ClientManager Queue Size: 0 SlowTimeMills: 0
2025-07-30 19:59:26 - [WATERMARK] Heartbeat Queue Size: 0 SlowTimeMills: 0
2025-07-30 19:59:26 - [WATERMARK] Ack Queue Size: 0 SlowTimeMills: 0
2025-07-30 19:59:26 - [WATERMARK] Admin Queue Size: 0 SlowTimeMills: 0
2025-07-30 19:59:27 - [WATERMARK] Send Queue Size: 0 SlowTimeMills: 0
2025-07-30 19:59:27 - [WATERMARK] Pull Queue Size: 0 SlowTimeMills: 0
2025-07-30 19:59:27 - [WATERMARK] Query Queue Size: 0 SlowTimeMills: 0
2025-07-30 19:59:27 - [WATERMARK] Lite Pull Queue Size: 0 SlowTimeMills: 0
2025-07-30 19:59:27 - [WATERMARK] Transaction Queue Size: 0 SlowTimeMills: 0
2025-07-30 19:59:27 - [WATERMARK] ClientManager Queue Size: 0 SlowTimeMills: 0
2025-07-30 19:59:27 - [WATERMARK] Heartbeat Queue Size: 0 SlowTimeMills: 0
2025-07-30 19:59:27 - [WATERMARK] Ack Queue Size: 0 SlowTimeMills: 0
2025-07-30 19:59:27 - [WATERMARK] Admin Queue Size: 0 SlowTimeMills: 0
2025-07-30 19:59:28 - [WATERMARK] Send Queue Size: 0 SlowTimeMills: 0
2025-07-30 19:59:28 - [WATERMARK] Pull Queue Size: 0 SlowTimeMills: 0
2025-07-30 19:59:28 - [WATERMARK] Query Queue Size: 0 SlowTimeMills: 0
2025-07-30 19:59:28 - [WATERMARK] Lite Pull Queue Size: 0 SlowTimeMills: 0
2025-07-30 19:59:28 - [WATERMARK] Transaction Queue Size: 0 SlowTimeMills: 0
2025-07-30 19:59:28 - [WATERMARK] ClientManager Queue Size: 0 SlowTimeMills: 0
2025-07-30 19:59:28 - [WATERMARK] Heartbeat Queue Size: 0 SlowTimeMills: 0
2025-07-30 19:59:28 - [WATERMARK] Ack Queue Size: 0 SlowTimeMills: 0
2025-07-30 19:59:28 - [WATERMARK] Admin Queue Size: 0 SlowTimeMills: 0
2025-07-30 19:59:29 - [WATERMARK] Send Queue Size: 0 SlowTimeMills: 0
2025-07-30 19:59:29 - [WATERMARK] Pull Queue Size: 0 SlowTimeMills: 0
2025-07-30 19:59:29 - [WATERMARK] Query Queue Size: 0 SlowTimeMills: 0
2025-07-30 19:59:29 - [WATERMARK] Lite Pull Queue Size: 0 SlowTimeMills: 0
2025-07-30 19:59:29 - [WATERMARK] Transaction Queue Size: 0 SlowTimeMills: 0
2025-07-30 19:59:29 - [WATERMARK] ClientManager Queue Size: 0 SlowTimeMills: 0
2025-07-30 19:59:29 - [WATERMARK] Heartbeat Queue Size: 0 SlowTimeMills: 0
2025-07-30 19:59:29 - [WATERMARK] Ack Queue Size: 0 SlowTimeMills: 0
2025-07-30 19:59:29 - [WATERMARK] Admin Queue Size: 0 SlowTimeMills: 0
2025-07-30 19:59:30 - [WATERMARK] Send Queue Size: 0 SlowTimeMills: 0
2025-07-30 19:59:30 - [WATERMARK] Pull Queue Size: 0 SlowTimeMills: 0
2025-07-30 19:59:30 - [WATERMARK] Query Queue Size: 0 SlowTimeMills: 0
2025-07-30 19:59:30 - [WATERMARK] Lite Pull Queue Size: 0 SlowTimeMills: 0
2025-07-30 19:59:30 - [WATERMARK] Transaction Queue Size: 0 SlowTimeMills: 0
2025-07-30 19:59:30 - [WATERMARK] ClientManager Queue Size: 0 SlowTimeMills: 0
2025-07-30 19:59:30 - [WATERMARK] Heartbeat Queue Size: 0 SlowTimeMills: 0
2025-07-30 19:59:30 - [WATERMARK] Ack Queue Size: 0 SlowTimeMills: 0
2025-07-30 19:59:30 - [WATERMARK] Admin Queue Size: 0 SlowTimeMills: 0
2025-07-30 19:59:31 - [WATERMARK] Send Queue Size: 0 SlowTimeMills: 0
2025-07-30 19:59:31 - [WATERMARK] Pull Queue Size: 0 SlowTimeMills: 0
2025-07-30 19:59:31 - [WATERMARK] Query Queue Size: 0 SlowTimeMills: 0
2025-07-30 19:59:31 - [WATERMARK] Lite Pull Queue Size: 0 SlowTimeMills: 0
2025-07-30 19:59:31 - [WATERMARK] Transaction Queue Size: 0 SlowTimeMills: 0
2025-07-30 19:59:31 - [WATERMARK] ClientManager Queue Size: 0 SlowTimeMills: 0
2025-07-30 19:59:31 - [WATERMARK] Heartbeat Queue Size: 0 SlowTimeMills: 0
2025-07-30 19:59:31 - [WATERMARK] Ack Queue Size: 0 SlowTimeMills: 0
2025-07-30 19:59:31 - [WATERMARK] Admin Queue Size: 0 SlowTimeMills: 0
2025-07-30 19:59:32 - [WATERMARK] Send Queue Size: 0 SlowTimeMills: 0
2025-07-30 19:59:32 - [WATERMARK] Pull Queue Size: 0 SlowTimeMills: 0
2025-07-30 19:59:32 - [WATERMARK] Query Queue Size: 0 SlowTimeMills: 0
2025-07-30 19:59:32 - [WATERMARK] Lite Pull Queue Size: 0 SlowTimeMills: 0
2025-07-30 19:59:32 - [WATERMARK] Transaction Queue Size: 0 SlowTimeMills: 0
2025-07-30 19:59:32 - [WATERMARK] ClientManager Queue Size: 0 SlowTimeMills: 0
2025-07-30 19:59:32 - [WATERMARK] Heartbeat Queue Size: 0 SlowTimeMills: 0
2025-07-30 19:59:32 - [WATERMARK] Ack Queue Size: 0 SlowTimeMills: 0
2025-07-30 19:59:32 - [WATERMARK] Admin Queue Size: 0 SlowTimeMills: 0
2025-07-30 19:59:33 - [WATERMARK] Send Queue Size: 0 SlowTimeMills: 0
2025-07-30 19:59:33 - [WATERMARK] Pull Queue Size: 0 SlowTimeMills: 0
2025-07-30 19:59:33 - [WATERMARK] Query Queue Size: 0 SlowTimeMills: 0
2025-07-30 19:59:33 - [WATERMARK] Lite Pull Queue Size: 0 SlowTimeMills: 0
2025-07-30 19:59:33 - [WATERMARK] Transaction Queue Size: 0 SlowTimeMills: 0
2025-07-30 19:59:33 - [WATERMARK] ClientManager Queue Size: 0 SlowTimeMills: 0
2025-07-30 19:59:33 - [WATERMARK] Heartbeat Queue Size: 0 SlowTimeMills: 0
2025-07-30 19:59:33 - [WATERMARK] Ack Queue Size: 0 SlowTimeMills: 0
2025-07-30 19:59:33 - [WATERMARK] Admin Queue Size: 0 SlowTimeMills: 0
2025-07-30 19:59:34 - [WATERMARK] Send Queue Size: 0 SlowTimeMills: 0
2025-07-30 19:59:34 - [WATERMARK] Pull Queue Size: 0 SlowTimeMills: 0
2025-07-30 19:59:34 - [WATERMARK] Query Queue Size: 0 SlowTimeMills: 0
2025-07-30 19:59:34 - [WATERMARK] Lite Pull Queue Size: 0 SlowTimeMills: 0
2025-07-30 19:59:34 - [WATERMARK] Transaction Queue Size: 0 SlowTimeMills: 0
2025-07-30 19:59:34 - [WATERMARK] ClientManager Queue Size: 0 SlowTimeMills: 0
2025-07-30 19:59:34 - [WATERMARK] Heartbeat Queue Size: 0 SlowTimeMills: 0
2025-07-30 19:59:34 - [WATERMARK] Ack Queue Size: 0 SlowTimeMills: 0
2025-07-30 19:59:34 - [WATERMARK] Admin Queue Size: 0 SlowTimeMills: 0
2025-07-30 19:59:35 - [WATERMARK] Send Queue Size: 0 SlowTimeMills: 0
2025-07-30 19:59:35 - [WATERMARK] Pull Queue Size: 0 SlowTimeMills: 0
2025-07-30 19:59:35 - [WATERMARK] Query Queue Size: 0 SlowTimeMills: 0
2025-07-30 19:59:35 - [WATERMARK] Lite Pull Queue Size: 0 SlowTimeMills: 0
2025-07-30 19:59:35 - [WATERMARK] Transaction Queue Size: 0 SlowTimeMills: 0
2025-07-30 19:59:35 - [WATERMARK] ClientManager Queue Size: 0 SlowTimeMills: 0
2025-07-30 19:59:35 - [WATERMARK] Heartbeat Queue Size: 0 SlowTimeMills: 0
2025-07-30 19:59:35 - [WATERMARK] Ack Queue Size: 0 SlowTimeMills: 0
2025-07-30 19:59:35 - [WATERMARK] Admin Queue Size: 0 SlowTimeMills: 0
2025-07-30 19:59:36 - [WATERMARK] Send Queue Size: 0 SlowTimeMills: 0
2025-07-30 19:59:36 - [WATERMARK] Pull Queue Size: 0 SlowTimeMills: 0
2025-07-30 19:59:36 - [WATERMARK] Query Queue Size: 0 SlowTimeMills: 0
2025-07-30 19:59:36 - [WATERMARK] Lite Pull Queue Size: 0 SlowTimeMills: 0
2025-07-30 19:59:36 - [WATERMARK] Transaction Queue Size: 0 SlowTimeMills: 0
2025-07-30 19:59:36 - [WATERMARK] ClientManager Queue Size: 0 SlowTimeMills: 0
2025-07-30 19:59:36 - [WATERMARK] Heartbeat Queue Size: 0 SlowTimeMills: 0
2025-07-30 19:59:36 - [WATERMARK] Ack Queue Size: 0 SlowTimeMills: 0
2025-07-30 19:59:36 - [WATERMARK] Admin Queue Size: 0 SlowTimeMills: 0
2025-07-30 19:59:37 - [WATERMARK] Send Queue Size: 0 SlowTimeMills: 0
2025-07-30 19:59:37 - [WATERMARK] Pull Queue Size: 0 SlowTimeMills: 0
2025-07-30 19:59:37 - [WATERMARK] Query Queue Size: 0 SlowTimeMills: 0
2025-07-30 19:59:37 - [WATERMARK] Lite Pull Queue Size: 0 SlowTimeMills: 0
2025-07-30 19:59:37 - [WATERMARK] Transaction Queue Size: 0 SlowTimeMills: 0
2025-07-30 19:59:37 - [WATERMARK] ClientManager Queue Size: 0 SlowTimeMills: 0
2025-07-30 19:59:37 - [WATERMARK] Heartbeat Queue Size: 0 SlowTimeMills: 0
2025-07-30 19:59:37 - [WATERMARK] Ack Queue Size: 0 SlowTimeMills: 0
2025-07-30 19:59:37 - [WATERMARK] Admin Queue Size: 0 SlowTimeMills: 0
2025-07-30 19:59:38 - [WATERMARK] Send Queue Size: 0 SlowTimeMills: 0
2025-07-30 19:59:38 - [WATERMARK] Pull Queue Size: 0 SlowTimeMills: 0
2025-07-30 19:59:38 - [WATERMARK] Query Queue Size: 0 SlowTimeMills: 0
2025-07-30 19:59:38 - [WATERMARK] Lite Pull Queue Size: 0 SlowTimeMills: 0
2025-07-30 19:59:38 - [WATERMARK] Transaction Queue Size: 0 SlowTimeMills: 0
2025-07-30 19:59:38 - [WATERMARK] ClientManager Queue Size: 0 SlowTimeMills: 0
2025-07-30 19:59:38 - [WATERMARK] Heartbeat Queue Size: 0 SlowTimeMills: 0
2025-07-30 19:59:38 - [WATERMARK] Ack Queue Size: 0 SlowTimeMills: 0
2025-07-30 19:59:38 - [WATERMARK] Admin Queue Size: 0 SlowTimeMills: 0
2025-07-30 19:59:39 - [WATERMARK] Send Queue Size: 0 SlowTimeMills: 0
2025-07-30 19:59:39 - [WATERMARK] Pull Queue Size: 0 SlowTimeMills: 0
2025-07-30 19:59:39 - [WATERMARK] Query Queue Size: 0 SlowTimeMills: 0
2025-07-30 19:59:39 - [WATERMARK] Lite Pull Queue Size: 0 SlowTimeMills: 0
2025-07-30 19:59:39 - [WATERMARK] Transaction Queue Size: 0 SlowTimeMills: 0
2025-07-30 19:59:39 - [WATERMARK] ClientManager Queue Size: 0 SlowTimeMills: 0
2025-07-30 19:59:39 - [WATERMARK] Heartbeat Queue Size: 0 SlowTimeMills: 0
2025-07-30 19:59:39 - [WATERMARK] Ack Queue Size: 0 SlowTimeMills: 0
2025-07-30 19:59:39 - [WATERMARK] Admin Queue Size: 0 SlowTimeMills: 0
2025-07-30 19:59:40 - [WATERMARK] Send Queue Size: 0 SlowTimeMills: 0
2025-07-30 19:59:40 - [WATERMARK] Pull Queue Size: 0 SlowTimeMills: 0
2025-07-30 19:59:40 - [WATERMARK] Query Queue Size: 0 SlowTimeMills: 0
2025-07-30 19:59:40 - [WATERMARK] Lite Pull Queue Size: 0 SlowTimeMills: 0
2025-07-30 19:59:40 - [WATERMARK] Transaction Queue Size: 0 SlowTimeMills: 0
2025-07-30 19:59:40 - [WATERMARK] ClientManager Queue Size: 0 SlowTimeMills: 0
2025-07-30 19:59:40 - [WATERMARK] Heartbeat Queue Size: 0 SlowTimeMills: 0
2025-07-30 19:59:40 - [WATERMARK] Ack Queue Size: 0 SlowTimeMills: 0
2025-07-30 19:59:40 - [WATERMARK] Admin Queue Size: 0 SlowTimeMills: 0
2025-07-30 19:59:41 - [WATERMARK] Send Queue Size: 0 SlowTimeMills: 0
2025-07-30 19:59:41 - [WATERMARK] Pull Queue Size: 0 SlowTimeMills: 0
2025-07-30 19:59:41 - [WATERMARK] Query Queue Size: 0 SlowTimeMills: 0
2025-07-30 19:59:41 - [WATERMARK] Lite Pull Queue Size: 0 SlowTimeMills: 0
2025-07-30 19:59:41 - [WATERMARK] Transaction Queue Size: 0 SlowTimeMills: 0
2025-07-30 19:59:41 - [WATERMARK] ClientManager Queue Size: 0 SlowTimeMills: 0
2025-07-30 19:59:41 - [WATERMARK] Heartbeat Queue Size: 0 SlowTimeMills: 0
2025-07-30 19:59:41 - [WATERMARK] Ack Queue Size: 0 SlowTimeMills: 0
2025-07-30 19:59:41 - [WATERMARK] Admin Queue Size: 0 SlowTimeMills: 0
2025-07-30 19:59:42 - [WATERMARK] Send Queue Size: 0 SlowTimeMills: 0
2025-07-30 19:59:42 - [WATERMARK] Pull Queue Size: 0 SlowTimeMills: 0
2025-07-30 19:59:42 - [WATERMARK] Query Queue Size: 0 SlowTimeMills: 0
2025-07-30 19:59:42 - [WATERMARK] Lite Pull Queue Size: 0 SlowTimeMills: 0
2025-07-30 19:59:42 - [WATERMARK] Transaction Queue Size: 0 SlowTimeMills: 0
2025-07-30 19:59:42 - [WATERMARK] ClientManager Queue Size: 0 SlowTimeMills: 0
2025-07-30 19:59:42 - [WATERMARK] Heartbeat Queue Size: 0 SlowTimeMills: 0
2025-07-30 19:59:42 - [WATERMARK] Ack Queue Size: 0 SlowTimeMills: 0
2025-07-30 19:59:42 - [WATERMARK] Admin Queue Size: 0 SlowTimeMills: 0
2025-07-30 19:59:43 - [WATERMARK] Send Queue Size: 0 SlowTimeMills: 0
2025-07-30 19:59:43 - [WATERMARK] Pull Queue Size: 0 SlowTimeMills: 0
2025-07-30 19:59:43 - [WATERMARK] Query Queue Size: 0 SlowTimeMills: 0
2025-07-30 19:59:43 - [WATERMARK] Lite Pull Queue Size: 0 SlowTimeMills: 0
2025-07-30 19:59:43 - [WATERMARK] Transaction Queue Size: 0 SlowTimeMills: 0
2025-07-30 19:59:43 - [WATERMARK] ClientManager Queue Size: 0 SlowTimeMills: 0
2025-07-30 19:59:43 - [WATERMARK] Heartbeat Queue Size: 0 SlowTimeMills: 0
2025-07-30 19:59:43 - [WATERMARK] Ack Queue Size: 0 SlowTimeMills: 0
2025-07-30 19:59:43 - [WATERMARK] Admin Queue Size: 0 SlowTimeMills: 0
2025-07-30 19:59:44 - [WATERMARK] Send Queue Size: 0 SlowTimeMills: 0
2025-07-30 19:59:44 - [WATERMARK] Pull Queue Size: 0 SlowTimeMills: 0
2025-07-30 19:59:44 - [WATERMARK] Query Queue Size: 0 SlowTimeMills: 0
2025-07-30 19:59:44 - [WATERMARK] Lite Pull Queue Size: 0 SlowTimeMills: 0
2025-07-30 19:59:44 - [WATERMARK] Transaction Queue Size: 0 SlowTimeMills: 0
2025-07-30 19:59:44 - [WATERMARK] ClientManager Queue Size: 0 SlowTimeMills: 0
2025-07-30 19:59:44 - [WATERMARK] Heartbeat Queue Size: 0 SlowTimeMills: 0
2025-07-30 19:59:44 - [WATERMARK] Ack Queue Size: 0 SlowTimeMills: 0
2025-07-30 19:59:44 - [WATERMARK] Admin Queue Size: 0 SlowTimeMills: 0
2025-07-30 19:59:45 - [WATERMARK] Send Queue Size: 0 SlowTimeMills: 0
2025-07-30 19:59:45 - [WATERMARK] Pull Queue Size: 0 SlowTimeMills: 0
2025-07-30 19:59:45 - [WATERMARK] Query Queue Size: 0 SlowTimeMills: 0
2025-07-30 19:59:45 - [WATERMARK] Lite Pull Queue Size: 0 SlowTimeMills: 0
2025-07-30 19:59:45 - [WATERMARK] Transaction Queue Size: 0 SlowTimeMills: 0
2025-07-30 19:59:45 - [WATERMARK] ClientManager Queue Size: 0 SlowTimeMills: 0
2025-07-30 19:59:45 - [WATERMARK] Heartbeat Queue Size: 0 SlowTimeMills: 0
2025-07-30 19:59:45 - [WATERMARK] Ack Queue Size: 0 SlowTimeMills: 0
2025-07-30 19:59:45 - [WATERMARK] Admin Queue Size: 0 SlowTimeMills: 0
2025-07-30 19:59:46 - [WATERMARK] Send Queue Size: 0 SlowTimeMills: 0
2025-07-30 19:59:46 - [WATERMARK] Pull Queue Size: 0 SlowTimeMills: 0
2025-07-30 19:59:46 - [WATERMARK] Query Queue Size: 0 SlowTimeMills: 0
2025-07-30 19:59:46 - [WATERMARK] Lite Pull Queue Size: 0 SlowTimeMills: 0
2025-07-30 19:59:46 - [WATERMARK] Transaction Queue Size: 0 SlowTimeMills: 0
2025-07-30 19:59:46 - [WATERMARK] ClientManager Queue Size: 0 SlowTimeMills: 0
2025-07-30 19:59:46 - [WATERMARK] Heartbeat Queue Size: 0 SlowTimeMills: 0
2025-07-30 19:59:46 - [WATERMARK] Ack Queue Size: 0 SlowTimeMills: 0
2025-07-30 19:59:46 - [WATERMARK] Admin Queue Size: 0 SlowTimeMills: 0
2025-07-30 19:59:47 - [WATERMARK] Send Queue Size: 0 SlowTimeMills: 0
2025-07-30 19:59:47 - [WATERMARK] Pull Queue Size: 0 SlowTimeMills: 0
2025-07-30 19:59:47 - [WATERMARK] Query Queue Size: 0 SlowTimeMills: 0
2025-07-30 19:59:47 - [WATERMARK] Lite Pull Queue Size: 0 SlowTimeMills: 0
2025-07-30 19:59:47 - [WATERMARK] Transaction Queue Size: 0 SlowTimeMills: 0
2025-07-30 19:59:47 - [WATERMARK] ClientManager Queue Size: 0 SlowTimeMills: 0
2025-07-30 19:59:47 - [WATERMARK] Heartbeat Queue Size: 0 SlowTimeMills: 0
2025-07-30 19:59:47 - [WATERMARK] Ack Queue Size: 0 SlowTimeMills: 0
2025-07-30 19:59:47 - [WATERMARK] Admin Queue Size: 0 SlowTimeMills: 0
2025-07-30 19:59:48 - [WATERMARK] Send Queue Size: 0 SlowTimeMills: 0
2025-07-30 19:59:48 - [WATERMARK] Pull Queue Size: 0 SlowTimeMills: 0
2025-07-30 19:59:48 - [WATERMARK] Query Queue Size: 0 SlowTimeMills: 0
2025-07-30 19:59:48 - [WATERMARK] Lite Pull Queue Size: 0 SlowTimeMills: 0
2025-07-30 19:59:48 - [WATERMARK] Transaction Queue Size: 0 SlowTimeMills: 0
2025-07-30 19:59:48 - [WATERMARK] ClientManager Queue Size: 0 SlowTimeMills: 0
2025-07-30 19:59:48 - [WATERMARK] Heartbeat Queue Size: 0 SlowTimeMills: 0
2025-07-30 19:59:48 - [WATERMARK] Ack Queue Size: 0 SlowTimeMills: 0
2025-07-30 19:59:48 - [WATERMARK] Admin Queue Size: 0 SlowTimeMills: 0
2025-07-30 19:59:49 - [WATERMARK] Send Queue Size: 0 SlowTimeMills: 0
2025-07-30 19:59:49 - [WATERMARK] Pull Queue Size: 0 SlowTimeMills: 0
2025-07-30 19:59:49 - [WATERMARK] Query Queue Size: 0 SlowTimeMills: 0
2025-07-30 19:59:49 - [WATERMARK] Lite Pull Queue Size: 0 SlowTimeMills: 0
2025-07-30 19:59:49 - [WATERMARK] Transaction Queue Size: 0 SlowTimeMills: 0
2025-07-30 19:59:49 - [WATERMARK] ClientManager Queue Size: 0 SlowTimeMills: 0
2025-07-30 19:59:49 - [WATERMARK] Heartbeat Queue Size: 0 SlowTimeMills: 0
2025-07-30 19:59:49 - [WATERMARK] Ack Queue Size: 0 SlowTimeMills: 0
2025-07-30 19:59:49 - [WATERMARK] Admin Queue Size: 0 SlowTimeMills: 0
2025-07-30 19:59:50 - [WATERMARK] Send Queue Size: 0 SlowTimeMills: 0
2025-07-30 19:59:50 - [WATERMARK] Pull Queue Size: 0 SlowTimeMills: 0
2025-07-30 19:59:50 - [WATERMARK] Query Queue Size: 0 SlowTimeMills: 0
2025-07-30 19:59:50 - [WATERMARK] Lite Pull Queue Size: 0 SlowTimeMills: 0
2025-07-30 19:59:50 - [WATERMARK] Transaction Queue Size: 0 SlowTimeMills: 0
2025-07-30 19:59:50 - [WATERMARK] ClientManager Queue Size: 0 SlowTimeMills: 0
2025-07-30 19:59:50 - [WATERMARK] Heartbeat Queue Size: 0 SlowTimeMills: 0
2025-07-30 19:59:50 - [WATERMARK] Ack Queue Size: 0 SlowTimeMills: 0
2025-07-30 19:59:50 - [WATERMARK] Admin Queue Size: 0 SlowTimeMills: 0
2025-07-30 19:59:51 - [WATERMARK] Send Queue Size: 0 SlowTimeMills: 0
2025-07-30 19:59:51 - [WATERMARK] Pull Queue Size: 0 SlowTimeMills: 0
2025-07-30 19:59:51 - [WATERMARK] Query Queue Size: 0 SlowTimeMills: 0
2025-07-30 19:59:51 - [WATERMARK] Lite Pull Queue Size: 0 SlowTimeMills: 0
2025-07-30 19:59:51 - [WATERMARK] Transaction Queue Size: 0 SlowTimeMills: 0
2025-07-30 19:59:51 - [WATERMARK] ClientManager Queue Size: 0 SlowTimeMills: 0
2025-07-30 19:59:51 - [WATERMARK] Heartbeat Queue Size: 0 SlowTimeMills: 0
2025-07-30 19:59:51 - [WATERMARK] Ack Queue Size: 0 SlowTimeMills: 0
2025-07-30 19:59:51 - [WATERMARK] Admin Queue Size: 0 SlowTimeMills: 0
2025-07-30 19:59:52 - [WATERMARK] Send Queue Size: 0 SlowTimeMills: 0
2025-07-30 19:59:52 - [WATERMARK] Pull Queue Size: 0 SlowTimeMills: 0
2025-07-30 19:59:52 - [WATERMARK] Query Queue Size: 0 SlowTimeMills: 0
2025-07-30 19:59:52 - [WATERMARK] Lite Pull Queue Size: 0 SlowTimeMills: 0
2025-07-30 19:59:52 - [WATERMARK] Transaction Queue Size: 0 SlowTimeMills: 0
2025-07-30 19:59:52 - [WATERMARK] ClientManager Queue Size: 0 SlowTimeMills: 0
2025-07-30 19:59:52 - [WATERMARK] Heartbeat Queue Size: 0 SlowTimeMills: 0
2025-07-30 19:59:52 - [WATERMARK] Ack Queue Size: 0 SlowTimeMills: 0
2025-07-30 19:59:52 - [WATERMARK] Admin Queue Size: 0 SlowTimeMills: 0
2025-07-30 19:59:53 - [WATERMARK] Send Queue Size: 0 SlowTimeMills: 0
2025-07-30 19:59:53 - [WATERMARK] Pull Queue Size: 0 SlowTimeMills: 0
2025-07-30 19:59:53 - [WATERMARK] Query Queue Size: 0 SlowTimeMills: 0
2025-07-30 19:59:53 - [WATERMARK] Lite Pull Queue Size: 0 SlowTimeMills: 0
2025-07-30 19:59:53 - [WATERMARK] Transaction Queue Size: 0 SlowTimeMills: 0
2025-07-30 19:59:53 - [WATERMARK] ClientManager Queue Size: 0 SlowTimeMills: 0
2025-07-30 19:59:53 - [WATERMARK] Heartbeat Queue Size: 0 SlowTimeMills: 0
2025-07-30 19:59:53 - [WATERMARK] Ack Queue Size: 0 SlowTimeMills: 0
2025-07-30 19:59:53 - [WATERMARK] Admin Queue Size: 0 SlowTimeMills: 0
2025-07-30 19:59:54 - [WATERMARK] Send Queue Size: 0 SlowTimeMills: 0
2025-07-30 19:59:54 - [WATERMARK] Pull Queue Size: 0 SlowTimeMills: 0
2025-07-30 19:59:54 - [WATERMARK] Query Queue Size: 0 SlowTimeMills: 0
2025-07-30 19:59:54 - [WATERMARK] Lite Pull Queue Size: 0 SlowTimeMills: 0
2025-07-30 19:59:54 - [WATERMARK] Transaction Queue Size: 0 SlowTimeMills: 0
2025-07-30 19:59:54 - [WATERMARK] ClientManager Queue Size: 0 SlowTimeMills: 0
2025-07-30 19:59:54 - [WATERMARK] Heartbeat Queue Size: 0 SlowTimeMills: 0
2025-07-30 19:59:54 - [WATERMARK] Ack Queue Size: 0 SlowTimeMills: 0
2025-07-30 19:59:54 - [WATERMARK] Admin Queue Size: 0 SlowTimeMills: 0
2025-07-30 19:59:55 - [WATERMARK] Send Queue Size: 0 SlowTimeMills: 0
2025-07-30 19:59:55 - [WATERMARK] Pull Queue Size: 0 SlowTimeMills: 0
2025-07-30 19:59:55 - [WATERMARK] Query Queue Size: 0 SlowTimeMills: 0
2025-07-30 19:59:55 - [WATERMARK] Lite Pull Queue Size: 0 SlowTimeMills: 0
2025-07-30 19:59:55 - [WATERMARK] Transaction Queue Size: 0 SlowTimeMills: 0
2025-07-30 19:59:55 - [WATERMARK] ClientManager Queue Size: 0 SlowTimeMills: 0
2025-07-30 19:59:55 - [WATERMARK] Heartbeat Queue Size: 0 SlowTimeMills: 0
2025-07-30 19:59:55 - [WATERMARK] Ack Queue Size: 0 SlowTimeMills: 0
2025-07-30 19:59:55 - [WATERMARK] Admin Queue Size: 0 SlowTimeMills: 0
2025-07-30 19:59:56 - [WATERMARK] Send Queue Size: 0 SlowTimeMills: 0
2025-07-30 19:59:56 - [WATERMARK] Pull Queue Size: 0 SlowTimeMills: 0
2025-07-30 19:59:56 - [WATERMARK] Query Queue Size: 0 SlowTimeMills: 0
2025-07-30 19:59:56 - [WATERMARK] Lite Pull Queue Size: 0 SlowTimeMills: 0
2025-07-30 19:59:56 - [WATERMARK] Transaction Queue Size: 0 SlowTimeMills: 0
2025-07-30 19:59:56 - [WATERMARK] ClientManager Queue Size: 0 SlowTimeMills: 0
2025-07-30 19:59:56 - [WATERMARK] Heartbeat Queue Size: 0 SlowTimeMills: 0
2025-07-30 19:59:56 - [WATERMARK] Ack Queue Size: 0 SlowTimeMills: 0
2025-07-30 19:59:56 - [WATERMARK] Admin Queue Size: 0 SlowTimeMills: 0
2025-07-30 19:59:57 - [WATERMARK] Send Queue Size: 0 SlowTimeMills: 0
2025-07-30 19:59:57 - [WATERMARK] Pull Queue Size: 0 SlowTimeMills: 0
2025-07-30 19:59:57 - [WATERMARK] Query Queue Size: 0 SlowTimeMills: 0
2025-07-30 19:59:57 - [WATERMARK] Lite Pull Queue Size: 0 SlowTimeMills: 0
2025-07-30 19:59:57 - [WATERMARK] Transaction Queue Size: 0 SlowTimeMills: 0
2025-07-30 19:59:57 - [WATERMARK] ClientManager Queue Size: 0 SlowTimeMills: 0
2025-07-30 19:59:57 - [WATERMARK] Heartbeat Queue Size: 0 SlowTimeMills: 0
2025-07-30 19:59:57 - [WATERMARK] Ack Queue Size: 0 SlowTimeMills: 0
2025-07-30 19:59:57 - [WATERMARK] Admin Queue Size: 0 SlowTimeMills: 0
2025-07-30 19:59:58 - [WATERMARK] Send Queue Size: 0 SlowTimeMills: 0
2025-07-30 19:59:58 - [WATERMARK] Pull Queue Size: 0 SlowTimeMills: 0
2025-07-30 19:59:58 - [WATERMARK] Query Queue Size: 0 SlowTimeMills: 0
2025-07-30 19:59:58 - [WATERMARK] Lite Pull Queue Size: 0 SlowTimeMills: 0
2025-07-30 19:59:58 - [WATERMARK] Transaction Queue Size: 0 SlowTimeMills: 0
2025-07-30 19:59:58 - [WATERMARK] ClientManager Queue Size: 0 SlowTimeMills: 0
2025-07-30 19:59:58 - [WATERMARK] Heartbeat Queue Size: 0 SlowTimeMills: 0
2025-07-30 19:59:58 - [WATERMARK] Ack Queue Size: 0 SlowTimeMills: 0
2025-07-30 19:59:58 - [WATERMARK] Admin Queue Size: 0 SlowTimeMills: 0
2025-07-30 19:59:59 - [WATERMARK] Send Queue Size: 0 SlowTimeMills: 0
2025-07-30 19:59:59 - [WATERMARK] Pull Queue Size: 0 SlowTimeMills: 0
2025-07-30 19:59:59 - [WATERMARK] Query Queue Size: 0 SlowTimeMills: 0
2025-07-30 19:59:59 - [WATERMARK] Lite Pull Queue Size: 0 SlowTimeMills: 0
2025-07-30 19:59:59 - [WATERMARK] Transaction Queue Size: 0 SlowTimeMills: 0
2025-07-30 19:59:59 - [WATERMARK] ClientManager Queue Size: 0 SlowTimeMills: 0
2025-07-30 19:59:59 - [WATERMARK] Heartbeat Queue Size: 0 SlowTimeMills: 0
2025-07-30 19:59:59 - [WATERMARK] Ack Queue Size: 0 SlowTimeMills: 0
2025-07-30 19:59:59 - [WATERMARK] Admin Queue Size: 0 SlowTimeMills: 0
2025-07-30 20:00:00 - [WATERMARK] Send Queue Size: 0 SlowTimeMills: 0
2025-07-30 20:00:00 - [WATERMARK] Pull Queue Size: 0 SlowTimeMills: 0
2025-07-30 20:00:00 - [WATERMARK] Query Queue Size: 0 SlowTimeMills: 0
2025-07-30 20:00:00 - [WATERMARK] Lite Pull Queue Size: 0 SlowTimeMills: 0
2025-07-30 20:00:00 - [WATERMARK] Transaction Queue Size: 0 SlowTimeMills: 0
2025-07-30 20:00:00 - [WATERMARK] ClientManager Queue Size: 0 SlowTimeMills: 0
2025-07-30 20:00:00 - [WATERMARK] Heartbeat Queue Size: 0 SlowTimeMills: 0
2025-07-30 20:00:00 - [WATERMARK] Ack Queue Size: 0 SlowTimeMills: 0
2025-07-30 20:00:00 - [WATERMARK] Admin Queue Size: 0 SlowTimeMills: 0
2025-07-30 20:00:01 - [WATERMARK] Send Queue Size: 0 SlowTimeMills: 0
2025-07-30 20:00:01 - [WATERMARK] Pull Queue Size: 0 SlowTimeMills: 0
2025-07-30 20:00:01 - [WATERMARK] Query Queue Size: 0 SlowTimeMills: 0
2025-07-30 20:00:01 - [WATERMARK] Lite Pull Queue Size: 0 SlowTimeMills: 0
2025-07-30 20:00:01 - [WATERMARK] Transaction Queue Size: 0 SlowTimeMills: 0
2025-07-30 20:00:01 - [WATERMARK] ClientManager Queue Size: 0 SlowTimeMills: 0
2025-07-30 20:00:01 - [WATERMARK] Heartbeat Queue Size: 0 SlowTimeMills: 0
2025-07-30 20:00:01 - [WATERMARK] Ack Queue Size: 0 SlowTimeMills: 0
2025-07-30 20:00:01 - [WATERMARK] Admin Queue Size: 0 SlowTimeMills: 0
2025-07-30 20:00:02 - [WATERMARK] Send Queue Size: 0 SlowTimeMills: 0
2025-07-30 20:00:02 - [WATERMARK] Pull Queue Size: 0 SlowTimeMills: 0
2025-07-30 20:00:02 - [WATERMARK] Query Queue Size: 0 SlowTimeMills: 0
2025-07-30 20:00:02 - [WATERMARK] Lite Pull Queue Size: 0 SlowTimeMills: 0
2025-07-30 20:00:02 - [WATERMARK] Transaction Queue Size: 0 SlowTimeMills: 0
2025-07-30 20:00:02 - [WATERMARK] ClientManager Queue Size: 0 SlowTimeMills: 0
2025-07-30 20:00:02 - [WATERMARK] Heartbeat Queue Size: 0 SlowTimeMills: 0
2025-07-30 20:00:02 - [WATERMARK] Ack Queue Size: 0 SlowTimeMills: 0
2025-07-30 20:00:02 - [WATERMARK] Admin Queue Size: 0 SlowTimeMills: 0
2025-07-30 20:00:03 - [WATERMARK] Send Queue Size: 0 SlowTimeMills: 0
2025-07-30 20:00:03 - [WATERMARK] Pull Queue Size: 0 SlowTimeMills: 0
2025-07-30 20:00:03 - [WATERMARK] Query Queue Size: 0 SlowTimeMills: 0
2025-07-30 20:00:03 - [WATERMARK] Lite Pull Queue Size: 0 SlowTimeMills: 0
2025-07-30 20:00:03 - [WATERMARK] Transaction Queue Size: 0 SlowTimeMills: 0
2025-07-30 20:00:03 - [WATERMARK] ClientManager Queue Size: 0 SlowTimeMills: 0
2025-07-30 20:00:03 - [WATERMARK] Heartbeat Queue Size: 0 SlowTimeMills: 0
2025-07-30 20:00:03 - [WATERMARK] Ack Queue Size: 0 SlowTimeMills: 0
2025-07-30 20:00:03 - [WATERMARK] Admin Queue Size: 0 SlowTimeMills: 0
2025-07-30 20:00:04 - [WATERMARK] Send Queue Size: 0 SlowTimeMills: 0
2025-07-30 20:00:04 - [WATERMARK] Pull Queue Size: 0 SlowTimeMills: 0
2025-07-30 20:00:04 - [WATERMARK] Query Queue Size: 0 SlowTimeMills: 0
2025-07-30 20:00:04 - [WATERMARK] Lite Pull Queue Size: 0 SlowTimeMills: 0
2025-07-30 20:00:04 - [WATERMARK] Transaction Queue Size: 0 SlowTimeMills: 0
2025-07-30 20:00:04 - [WATERMARK] ClientManager Queue Size: 0 SlowTimeMills: 0
2025-07-30 20:00:04 - [WATERMARK] Heartbeat Queue Size: 0 SlowTimeMills: 0
2025-07-30 20:00:04 - [WATERMARK] Ack Queue Size: 0 SlowTimeMills: 0
2025-07-30 20:00:04 - [WATERMARK] Admin Queue Size: 0 SlowTimeMills: 0
2025-07-30 20:00:05 - [WATERMARK] Send Queue Size: 0 SlowTimeMills: 0
2025-07-30 20:00:05 - [WATERMARK] Pull Queue Size: 0 SlowTimeMills: 0
2025-07-30 20:00:05 - [WATERMARK] Query Queue Size: 0 SlowTimeMills: 0
2025-07-30 20:00:05 - [WATERMARK] Lite Pull Queue Size: 0 SlowTimeMills: 0
2025-07-30 20:00:05 - [WATERMARK] Transaction Queue Size: 0 SlowTimeMills: 0
2025-07-30 20:00:05 - [WATERMARK] ClientManager Queue Size: 0 SlowTimeMills: 0
2025-07-30 20:00:05 - [WATERMARK] Heartbeat Queue Size: 0 SlowTimeMills: 0
2025-07-30 20:00:05 - [WATERMARK] Ack Queue Size: 0 SlowTimeMills: 0
2025-07-30 20:00:05 - [WATERMARK] Admin Queue Size: 0 SlowTimeMills: 0
2025-07-30 20:00:06 - [WATERMARK] Send Queue Size: 0 SlowTimeMills: 0
2025-07-30 20:00:06 - [WATERMARK] Pull Queue Size: 0 SlowTimeMills: 0
2025-07-30 20:00:06 - [WATERMARK] Query Queue Size: 0 SlowTimeMills: 0
2025-07-30 20:00:06 - [WATERMARK] Lite Pull Queue Size: 0 SlowTimeMills: 0
2025-07-30 20:00:06 - [WATERMARK] Transaction Queue Size: 0 SlowTimeMills: 0
2025-07-30 20:00:06 - [WATERMARK] ClientManager Queue Size: 0 SlowTimeMills: 0
2025-07-30 20:00:06 - [WATERMARK] Heartbeat Queue Size: 0 SlowTimeMills: 0
2025-07-30 20:00:06 - [WATERMARK] Ack Queue Size: 0 SlowTimeMills: 0
2025-07-30 20:00:06 - [WATERMARK] Admin Queue Size: 0 SlowTimeMills: 0
2025-07-30 20:00:07 - [WATERMARK] Send Queue Size: 0 SlowTimeMills: 0
2025-07-30 20:00:07 - [WATERMARK] Pull Queue Size: 0 SlowTimeMills: 0
2025-07-30 20:00:07 - [WATERMARK] Query Queue Size: 0 SlowTimeMills: 0
2025-07-30 20:00:07 - [WATERMARK] Lite Pull Queue Size: 0 SlowTimeMills: 0
2025-07-30 20:00:07 - [WATERMARK] Transaction Queue Size: 0 SlowTimeMills: 0
2025-07-30 20:00:07 - [WATERMARK] ClientManager Queue Size: 0 SlowTimeMills: 0
2025-07-30 20:00:07 - [WATERMARK] Heartbeat Queue Size: 0 SlowTimeMills: 0
2025-07-30 20:00:07 - [WATERMARK] Ack Queue Size: 0 SlowTimeMills: 0
2025-07-30 20:00:07 - [WATERMARK] Admin Queue Size: 0 SlowTimeMills: 0
2025-07-30 20:00:08 - [WATERMARK] Send Queue Size: 0 SlowTimeMills: 0
2025-07-30 20:00:08 - [WATERMARK] Pull Queue Size: 0 SlowTimeMills: 0
2025-07-30 20:00:08 - [WATERMARK] Query Queue Size: 0 SlowTimeMills: 0
2025-07-30 20:00:08 - [WATERMARK] Lite Pull Queue Size: 0 SlowTimeMills: 0
2025-07-30 20:00:08 - [WATERMARK] Transaction Queue Size: 0 SlowTimeMills: 0
2025-07-30 20:00:08 - [WATERMARK] ClientManager Queue Size: 0 SlowTimeMills: 0
2025-07-30 20:00:08 - [WATERMARK] Heartbeat Queue Size: 0 SlowTimeMills: 0
2025-07-30 20:00:08 - [WATERMARK] Ack Queue Size: 0 SlowTimeMills: 0
2025-07-30 20:00:08 - [WATERMARK] Admin Queue Size: 0 SlowTimeMills: 0
2025-07-30 20:00:09 - [WATERMARK] Send Queue Size: 0 SlowTimeMills: 0
2025-07-30 20:00:09 - [WATERMARK] Pull Queue Size: 0 SlowTimeMills: 0
2025-07-30 20:00:09 - [WATERMARK] Query Queue Size: 0 SlowTimeMills: 0
2025-07-30 20:00:09 - [WATERMARK] Lite Pull Queue Size: 0 SlowTimeMills: 0
2025-07-30 20:00:09 - [WATERMARK] Transaction Queue Size: 0 SlowTimeMills: 0
2025-07-30 20:00:09 - [WATERMARK] ClientManager Queue Size: 0 SlowTimeMills: 0
2025-07-30 20:00:09 - [WATERMARK] Heartbeat Queue Size: 0 SlowTimeMills: 0
2025-07-30 20:00:09 - [WATERMARK] Ack Queue Size: 0 SlowTimeMills: 0
2025-07-30 20:00:09 - [WATERMARK] Admin Queue Size: 0 SlowTimeMills: 0
2025-07-30 20:00:10 - [WATERMARK] Send Queue Size: 0 SlowTimeMills: 0
2025-07-30 20:00:10 - [WATERMARK] Pull Queue Size: 0 SlowTimeMills: 0
2025-07-30 20:00:10 - [WATERMARK] Query Queue Size: 0 SlowTimeMills: 0
2025-07-30 20:00:10 - [WATERMARK] Lite Pull Queue Size: 0 SlowTimeMills: 0
2025-07-30 20:00:10 - [WATERMARK] Transaction Queue Size: 0 SlowTimeMills: 0
2025-07-30 20:00:10 - [WATERMARK] ClientManager Queue Size: 0 SlowTimeMills: 0
2025-07-30 20:00:10 - [WATERMARK] Heartbeat Queue Size: 0 SlowTimeMills: 0
2025-07-30 20:00:10 - [WATERMARK] Ack Queue Size: 0 SlowTimeMills: 0
2025-07-30 20:00:10 - [WATERMARK] Admin Queue Size: 0 SlowTimeMills: 0
2025-07-30 20:00:11 - [WATERMARK] Send Queue Size: 0 SlowTimeMills: 0
2025-07-30 20:00:11 - [WATERMARK] Pull Queue Size: 0 SlowTimeMills: 0
2025-07-30 20:00:11 - [WATERMARK] Query Queue Size: 0 SlowTimeMills: 0
2025-07-30 20:00:11 - [WATERMARK] Lite Pull Queue Size: 0 SlowTimeMills: 0
2025-07-30 20:00:11 - [WATERMARK] Transaction Queue Size: 0 SlowTimeMills: 0
2025-07-30 20:00:11 - [WATERMARK] ClientManager Queue Size: 0 SlowTimeMills: 0
2025-07-30 20:00:11 - [WATERMARK] Heartbeat Queue Size: 0 SlowTimeMills: 0
2025-07-30 20:00:11 - [WATERMARK] Ack Queue Size: 0 SlowTimeMills: 0
2025-07-30 20:00:11 - [WATERMARK] Admin Queue Size: 0 SlowTimeMills: 0
2025-07-30 20:00:12 - [WATERMARK] Send Queue Size: 0 SlowTimeMills: 0
2025-07-30 20:00:12 - [WATERMARK] Pull Queue Size: 0 SlowTimeMills: 0
2025-07-30 20:00:12 - [WATERMARK] Query Queue Size: 0 SlowTimeMills: 0
2025-07-30 20:00:12 - [WATERMARK] Lite Pull Queue Size: 0 SlowTimeMills: 0
2025-07-30 20:00:12 - [WATERMARK] Transaction Queue Size: 0 SlowTimeMills: 0
2025-07-30 20:00:12 - [WATERMARK] ClientManager Queue Size: 0 SlowTimeMills: 0
2025-07-30 20:00:12 - [WATERMARK] Heartbeat Queue Size: 0 SlowTimeMills: 0
2025-07-30 20:00:12 - [WATERMARK] Ack Queue Size: 0 SlowTimeMills: 0
2025-07-30 20:00:12 - [WATERMARK] Admin Queue Size: 0 SlowTimeMills: 0
2025-07-30 20:00:13 - [WATERMARK] Send Queue Size: 0 SlowTimeMills: 0
2025-07-30 20:00:13 - [WATERMARK] Pull Queue Size: 0 SlowTimeMills: 0
2025-07-30 20:00:13 - [WATERMARK] Query Queue Size: 0 SlowTimeMills: 0
2025-07-30 20:00:13 - [WATERMARK] Lite Pull Queue Size: 0 SlowTimeMills: 0
2025-07-30 20:00:13 - [WATERMARK] Transaction Queue Size: 0 SlowTimeMills: 0
2025-07-30 20:00:13 - [WATERMARK] ClientManager Queue Size: 0 SlowTimeMills: 0
2025-07-30 20:00:13 - [WATERMARK] Heartbeat Queue Size: 0 SlowTimeMills: 0
2025-07-30 20:00:13 - [WATERMARK] Ack Queue Size: 0 SlowTimeMills: 0
2025-07-30 20:00:13 - [WATERMARK] Admin Queue Size: 0 SlowTimeMills: 0
2025-07-30 20:00:14 - [WATERMARK] Send Queue Size: 0 SlowTimeMills: 0
2025-07-30 20:00:14 - [WATERMARK] Pull Queue Size: 0 SlowTimeMills: 0
2025-07-30 20:00:14 - [WATERMARK] Query Queue Size: 0 SlowTimeMills: 0
2025-07-30 20:00:14 - [WATERMARK] Lite Pull Queue Size: 0 SlowTimeMills: 0
2025-07-30 20:00:14 - [WATERMARK] Transaction Queue Size: 0 SlowTimeMills: 0
2025-07-30 20:00:14 - [WATERMARK] ClientManager Queue Size: 0 SlowTimeMills: 0
2025-07-30 20:00:14 - [WATERMARK] Heartbeat Queue Size: 0 SlowTimeMills: 0
2025-07-30 20:00:14 - [WATERMARK] Ack Queue Size: 0 SlowTimeMills: 0
2025-07-30 20:00:14 - [WATERMARK] Admin Queue Size: 0 SlowTimeMills: 0
2025-07-30 20:00:15 - [WATERMARK] Send Queue Size: 0 SlowTimeMills: 0
2025-07-30 20:00:15 - [WATERMARK] Pull Queue Size: 0 SlowTimeMills: 0
2025-07-30 20:00:15 - [WATERMARK] Query Queue Size: 0 SlowTimeMills: 0
2025-07-30 20:00:15 - [WATERMARK] Lite Pull Queue Size: 0 SlowTimeMills: 0
2025-07-30 20:00:15 - [WATERMARK] Transaction Queue Size: 0 SlowTimeMills: 0
2025-07-30 20:00:15 - [WATERMARK] ClientManager Queue Size: 0 SlowTimeMills: 0
2025-07-30 20:00:15 - [WATERMARK] Heartbeat Queue Size: 0 SlowTimeMills: 0
2025-07-30 20:00:15 - [WATERMARK] Ack Queue Size: 0 SlowTimeMills: 0
2025-07-30 20:00:15 - [WATERMARK] Admin Queue Size: 0 SlowTimeMills: 0
2025-07-30 20:00:16 - [WATERMARK] Send Queue Size: 0 SlowTimeMills: 0
2025-07-30 20:00:16 - [WATERMARK] Pull Queue Size: 0 SlowTimeMills: 0
2025-07-30 20:00:16 - [WATERMARK] Query Queue Size: 0 SlowTimeMills: 0
2025-07-30 20:00:16 - [WATERMARK] Lite Pull Queue Size: 0 SlowTimeMills: 0
2025-07-30 20:00:16 - [WATERMARK] Transaction Queue Size: 0 SlowTimeMills: 0
2025-07-30 20:00:16 - [WATERMARK] ClientManager Queue Size: 0 SlowTimeMills: 0
2025-07-30 20:00:16 - [WATERMARK] Heartbeat Queue Size: 0 SlowTimeMills: 0
2025-07-30 20:00:16 - [WATERMARK] Ack Queue Size: 0 SlowTimeMills: 0
2025-07-30 20:00:16 - [WATERMARK] Admin Queue Size: 0 SlowTimeMills: 0
2025-07-30 20:00:17 - [WATERMARK] Send Queue Size: 0 SlowTimeMills: 0
2025-07-30 20:00:17 - [WATERMARK] Pull Queue Size: 0 SlowTimeMills: 0
2025-07-30 20:00:17 - [WATERMARK] Query Queue Size: 0 SlowTimeMills: 0
2025-07-30 20:00:17 - [WATERMARK] Lite Pull Queue Size: 0 SlowTimeMills: 0
2025-07-30 20:00:17 - [WATERMARK] Transaction Queue Size: 0 SlowTimeMills: 0
2025-07-30 20:00:17 - [WATERMARK] ClientManager Queue Size: 0 SlowTimeMills: 0
2025-07-30 20:00:17 - [WATERMARK] Heartbeat Queue Size: 0 SlowTimeMills: 0
2025-07-30 20:00:17 - [WATERMARK] Ack Queue Size: 0 SlowTimeMills: 0
2025-07-30 20:00:17 - [WATERMARK] Admin Queue Size: 0 SlowTimeMills: 0
2025-07-30 20:00:18 - [WATERMARK] Send Queue Size: 0 SlowTimeMills: 0
2025-07-30 20:00:18 - [WATERMARK] Pull Queue Size: 0 SlowTimeMills: 0
2025-07-30 20:00:18 - [WATERMARK] Query Queue Size: 0 SlowTimeMills: 0
2025-07-30 20:00:18 - [WATERMARK] Lite Pull Queue Size: 0 SlowTimeMills: 0
2025-07-30 20:00:18 - [WATERMARK] Transaction Queue Size: 0 SlowTimeMills: 0
2025-07-30 20:00:18 - [WATERMARK] ClientManager Queue Size: 0 SlowTimeMills: 0
2025-07-30 20:00:18 - [WATERMARK] Heartbeat Queue Size: 0 SlowTimeMills: 0
2025-07-30 20:00:18 - [WATERMARK] Ack Queue Size: 0 SlowTimeMills: 0
2025-07-30 20:00:18 - [WATERMARK] Admin Queue Size: 0 SlowTimeMills: 0
2025-07-30 20:00:19 - [WATERMARK] Send Queue Size: 0 SlowTimeMills: 0
2025-07-30 20:00:19 - [WATERMARK] Pull Queue Size: 0 SlowTimeMills: 0
2025-07-30 20:00:19 - [WATERMARK] Query Queue Size: 0 SlowTimeMills: 0
2025-07-30 20:00:19 - [WATERMARK] Lite Pull Queue Size: 0 SlowTimeMills: 0
2025-07-30 20:00:19 - [WATERMARK] Transaction Queue Size: 0 SlowTimeMills: 0
2025-07-30 20:00:19 - [WATERMARK] ClientManager Queue Size: 0 SlowTimeMills: 0
2025-07-30 20:00:19 - [WATERMARK] Heartbeat Queue Size: 0 SlowTimeMills: 0
2025-07-30 20:00:19 - [WATERMARK] Ack Queue Size: 0 SlowTimeMills: 0
2025-07-30 20:00:19 - [WATERMARK] Admin Queue Size: 0 SlowTimeMills: 0
2025-07-30 20:00:20 - [WATERMARK] Send Queue Size: 0 SlowTimeMills: 0
2025-07-30 20:00:20 - [WATERMARK] Pull Queue Size: 0 SlowTimeMills: 0
2025-07-30 20:00:20 - [WATERMARK] Query Queue Size: 0 SlowTimeMills: 0
2025-07-30 20:00:20 - [WATERMARK] Lite Pull Queue Size: 0 SlowTimeMills: 0
2025-07-30 20:00:20 - [WATERMARK] Transaction Queue Size: 0 SlowTimeMills: 0
2025-07-30 20:00:20 - [WATERMARK] ClientManager Queue Size: 0 SlowTimeMills: 0
2025-07-30 20:00:20 - [WATERMARK] Heartbeat Queue Size: 0 SlowTimeMills: 0
2025-07-30 20:00:20 - [WATERMARK] Ack Queue Size: 0 SlowTimeMills: 0
2025-07-30 20:00:20 - [WATERMARK] Admin Queue Size: 0 SlowTimeMills: 0
2025-07-30 20:00:21 - [WATERMARK] Send Queue Size: 0 SlowTimeMills: 0
2025-07-30 20:00:21 - [WATERMARK] Pull Queue Size: 0 SlowTimeMills: 0
2025-07-30 20:00:21 - [WATERMARK] Query Queue Size: 0 SlowTimeMills: 0
2025-07-30 20:00:21 - [WATERMARK] Lite Pull Queue Size: 0 SlowTimeMills: 0
2025-07-30 20:00:21 - [WATERMARK] Transaction Queue Size: 0 SlowTimeMills: 0
2025-07-30 20:00:21 - [WATERMARK] ClientManager Queue Size: 0 SlowTimeMills: 0
2025-07-30 20:00:21 - [WATERMARK] Heartbeat Queue Size: 0 SlowTimeMills: 0
2025-07-30 20:00:21 - [WATERMARK] Ack Queue Size: 0 SlowTimeMills: 0
2025-07-30 20:00:21 - [WATERMARK] Admin Queue Size: 0 SlowTimeMills: 0
2025-07-30 20:00:22 - [WATERMARK] Send Queue Size: 0 SlowTimeMills: 0
2025-07-30 20:00:22 - [WATERMARK] Pull Queue Size: 0 SlowTimeMills: 0
2025-07-30 20:00:22 - [WATERMARK] Query Queue Size: 0 SlowTimeMills: 0
2025-07-30 20:00:22 - [WATERMARK] Lite Pull Queue Size: 0 SlowTimeMills: 0
2025-07-30 20:00:22 - [WATERMARK] Transaction Queue Size: 0 SlowTimeMills: 0
2025-07-30 20:00:22 - [WATERMARK] ClientManager Queue Size: 0 SlowTimeMills: 0
2025-07-30 20:00:22 - [WATERMARK] Heartbeat Queue Size: 0 SlowTimeMills: 0
2025-07-30 20:00:22 - [WATERMARK] Ack Queue Size: 0 SlowTimeMills: 0
2025-07-30 20:00:22 - [WATERMARK] Admin Queue Size: 0 SlowTimeMills: 0
2025-07-30 20:00:23 - [WATERMARK] Send Queue Size: 0 SlowTimeMills: 0
2025-07-30 20:00:23 - [WATERMARK] Pull Queue Size: 0 SlowTimeMills: 0
2025-07-30 20:00:23 - [WATERMARK] Query Queue Size: 0 SlowTimeMills: 0
2025-07-30 20:00:23 - [WATERMARK] Lite Pull Queue Size: 0 SlowTimeMills: 0
2025-07-30 20:00:23 - [WATERMARK] Transaction Queue Size: 0 SlowTimeMills: 0
2025-07-30 20:00:23 - [WATERMARK] ClientManager Queue Size: 0 SlowTimeMills: 0
2025-07-30 20:00:23 - [WATERMARK] Heartbeat Queue Size: 0 SlowTimeMills: 0
2025-07-30 20:00:23 - [WATERMARK] Ack Queue Size: 0 SlowTimeMills: 0
2025-07-30 20:00:23 - [WATERMARK] Admin Queue Size: 0 SlowTimeMills: 0
2025-07-30 20:00:24 - [WATERMARK] Send Queue Size: 0 SlowTimeMills: 0
2025-07-30 20:00:24 - [WATERMARK] Pull Queue Size: 0 SlowTimeMills: 0
2025-07-30 20:00:24 - [WATERMARK] Query Queue Size: 0 SlowTimeMills: 0
2025-07-30 20:00:24 - [WATERMARK] Lite Pull Queue Size: 0 SlowTimeMills: 0
2025-07-30 20:00:24 - [WATERMARK] Transaction Queue Size: 0 SlowTimeMills: 0
2025-07-30 20:00:24 - [WATERMARK] ClientManager Queue Size: 0 SlowTimeMills: 0
2025-07-30 20:00:24 - [WATERMARK] Heartbeat Queue Size: 0 SlowTimeMills: 0
2025-07-30 20:00:24 - [WATERMARK] Ack Queue Size: 0 SlowTimeMills: 0
2025-07-30 20:00:24 - [WATERMARK] Admin Queue Size: 0 SlowTimeMills: 0
2025-07-30 20:00:25 - [WATERMARK] Send Queue Size: 0 SlowTimeMills: 0
2025-07-30 20:00:25 - [WATERMARK] Pull Queue Size: 0 SlowTimeMills: 0
2025-07-30 20:00:25 - [WATERMARK] Query Queue Size: 0 SlowTimeMills: 0
2025-07-30 20:00:25 - [WATERMARK] Lite Pull Queue Size: 0 SlowTimeMills: 0
2025-07-30 20:00:25 - [WATERMARK] Transaction Queue Size: 0 SlowTimeMills: 0
2025-07-30 20:00:25 - [WATERMARK] ClientManager Queue Size: 0 SlowTimeMills: 0
2025-07-30 20:00:25 - [WATERMARK] Heartbeat Queue Size: 0 SlowTimeMills: 0
2025-07-30 20:00:25 - [WATERMARK] Ack Queue Size: 0 SlowTimeMills: 0
2025-07-30 20:00:25 - [WATERMARK] Admin Queue Size: 0 SlowTimeMills: 0
2025-07-30 20:00:26 - [WATERMARK] Send Queue Size: 0 SlowTimeMills: 0
2025-07-30 20:00:26 - [WATERMARK] Pull Queue Size: 0 SlowTimeMills: 0
2025-07-30 20:00:26 - [WATERMARK] Query Queue Size: 0 SlowTimeMills: 0
2025-07-30 20:00:26 - [WATERMARK] Lite Pull Queue Size: 0 SlowTimeMills: 0
2025-07-30 20:00:26 - [WATERMARK] Transaction Queue Size: 0 SlowTimeMills: 0
2025-07-30 20:00:26 - [WATERMARK] ClientManager Queue Size: 0 SlowTimeMills: 0
2025-07-30 20:00:26 - [WATERMARK] Heartbeat Queue Size: 0 SlowTimeMills: 0
2025-07-30 20:00:26 - [WATERMARK] Ack Queue Size: 0 SlowTimeMills: 0
2025-07-30 20:00:26 - [WATERMARK] Admin Queue Size: 0 SlowTimeMills: 0
2025-07-30 20:00:27 - [WATERMARK] Send Queue Size: 0 SlowTimeMills: 0
2025-07-30 20:00:27 - [WATERMARK] Pull Queue Size: 0 SlowTimeMills: 0
2025-07-30 20:00:27 - [WATERMARK] Query Queue Size: 0 SlowTimeMills: 0
2025-07-30 20:00:27 - [WATERMARK] Lite Pull Queue Size: 0 SlowTimeMills: 0
2025-07-30 20:00:27 - [WATERMARK] Transaction Queue Size: 0 SlowTimeMills: 0
2025-07-30 20:00:27 - [WATERMARK] ClientManager Queue Size: 0 SlowTimeMills: 0
2025-07-30 20:00:27 - [WATERMARK] Heartbeat Queue Size: 0 SlowTimeMills: 0
2025-07-30 20:00:27 - [WATERMARK] Ack Queue Size: 0 SlowTimeMills: 0
2025-07-30 20:00:27 - [WATERMARK] Admin Queue Size: 0 SlowTimeMills: 0
2025-07-30 20:00:28 - [WATERMARK] Send Queue Size: 0 SlowTimeMills: 0
2025-07-30 20:00:28 - [WATERMARK] Pull Queue Size: 0 SlowTimeMills: 0
2025-07-30 20:00:28 - [WATERMARK] Query Queue Size: 0 SlowTimeMills: 0
2025-07-30 20:00:28 - [WATERMARK] Lite Pull Queue Size: 0 SlowTimeMills: 0
2025-07-30 20:00:28 - [WATERMARK] Transaction Queue Size: 0 SlowTimeMills: 0
2025-07-30 20:00:28 - [WATERMARK] ClientManager Queue Size: 0 SlowTimeMills: 0
2025-07-30 20:00:28 - [WATERMARK] Heartbeat Queue Size: 0 SlowTimeMills: 0
2025-07-30 20:00:28 - [WATERMARK] Ack Queue Size: 0 SlowTimeMills: 0
2025-07-30 20:00:28 - [WATERMARK] Admin Queue Size: 0 SlowTimeMills: 0
2025-07-30 20:00:29 - [WATERMARK] Send Queue Size: 0 SlowTimeMills: 0
2025-07-30 20:00:29 - [WATERMARK] Pull Queue Size: 0 SlowTimeMills: 0
2025-07-30 20:00:29 - [WATERMARK] Query Queue Size: 0 SlowTimeMills: 0
2025-07-30 20:00:29 - [WATERMARK] Lite Pull Queue Size: 0 SlowTimeMills: 0
2025-07-30 20:00:29 - [WATERMARK] Transaction Queue Size: 0 SlowTimeMills: 0
2025-07-30 20:00:29 - [WATERMARK] ClientManager Queue Size: 0 SlowTimeMills: 0
2025-07-30 20:00:29 - [WATERMARK] Heartbeat Queue Size: 0 SlowTimeMills: 0
2025-07-30 20:00:29 - [WATERMARK] Ack Queue Size: 0 SlowTimeMills: 0
2025-07-30 20:00:29 - [WATERMARK] Admin Queue Size: 0 SlowTimeMills: 0
2025-07-30 20:00:30 - [WATERMARK] Send Queue Size: 0 SlowTimeMills: 0
2025-07-30 20:00:30 - [WATERMARK] Pull Queue Size: 0 SlowTimeMills: 0
2025-07-30 20:00:30 - [WATERMARK] Query Queue Size: 0 SlowTimeMills: 0
2025-07-30 20:00:30 - [WATERMARK] Lite Pull Queue Size: 0 SlowTimeMills: 0
2025-07-30 20:00:30 - [WATERMARK] Transaction Queue Size: 0 SlowTimeMills: 0
2025-07-30 20:00:30 - [WATERMARK] ClientManager Queue Size: 0 SlowTimeMills: 0
2025-07-30 20:00:30 - [WATERMARK] Heartbeat Queue Size: 0 SlowTimeMills: 0
2025-07-30 20:00:30 - [WATERMARK] Ack Queue Size: 0 SlowTimeMills: 0
2025-07-30 20:00:30 - [WATERMARK] Admin Queue Size: 0 SlowTimeMills: 0
2025-07-30 20:00:31 - [WATERMARK] Send Queue Size: 0 SlowTimeMills: 0
2025-07-30 20:00:31 - [WATERMARK] Pull Queue Size: 0 SlowTimeMills: 0
2025-07-30 20:00:31 - [WATERMARK] Query Queue Size: 0 SlowTimeMills: 0
2025-07-30 20:00:31 - [WATERMARK] Lite Pull Queue Size: 0 SlowTimeMills: 0
2025-07-30 20:00:31 - [WATERMARK] Transaction Queue Size: 0 SlowTimeMills: 0
2025-07-30 20:00:31 - [WATERMARK] ClientManager Queue Size: 0 SlowTimeMills: 0
2025-07-30 20:00:31 - [WATERMARK] Heartbeat Queue Size: 0 SlowTimeMills: 0
2025-07-30 20:00:31 - [WATERMARK] Ack Queue Size: 0 SlowTimeMills: 0
2025-07-30 20:00:31 - [WATERMARK] Admin Queue Size: 0 SlowTimeMills: 0
2025-07-30 20:00:32 - [WATERMARK] Send Queue Size: 0 SlowTimeMills: 0
2025-07-30 20:00:32 - [WATERMARK] Pull Queue Size: 0 SlowTimeMills: 0
2025-07-30 20:00:32 - [WATERMARK] Query Queue Size: 0 SlowTimeMills: 0
2025-07-30 20:00:32 - [WATERMARK] Lite Pull Queue Size: 0 SlowTimeMills: 0
2025-07-30 20:00:32 - [WATERMARK] Transaction Queue Size: 0 SlowTimeMills: 0
2025-07-30 20:00:32 - [WATERMARK] ClientManager Queue Size: 0 SlowTimeMills: 0
2025-07-30 20:00:32 - [WATERMARK] Heartbeat Queue Size: 0 SlowTimeMills: 0
2025-07-30 20:00:32 - [WATERMARK] Ack Queue Size: 0 SlowTimeMills: 0
2025-07-30 20:00:32 - [WATERMARK] Admin Queue Size: 0 SlowTimeMills: 0
2025-07-30 20:00:33 - [WATERMARK] Send Queue Size: 0 SlowTimeMills: 0
2025-07-30 20:00:33 - [WATERMARK] Pull Queue Size: 0 SlowTimeMills: 0
2025-07-30 20:00:33 - [WATERMARK] Query Queue Size: 0 SlowTimeMills: 0
2025-07-30 20:00:33 - [WATERMARK] Lite Pull Queue Size: 0 SlowTimeMills: 0
2025-07-30 20:00:33 - [WATERMARK] Transaction Queue Size: 0 SlowTimeMills: 0
2025-07-30 20:00:33 - [WATERMARK] ClientManager Queue Size: 0 SlowTimeMills: 0
2025-07-30 20:00:33 - [WATERMARK] Heartbeat Queue Size: 0 SlowTimeMills: 0
2025-07-30 20:00:33 - [WATERMARK] Ack Queue Size: 0 SlowTimeMills: 0
2025-07-30 20:00:33 - [WATERMARK] Admin Queue Size: 0 SlowTimeMills: 0
2025-07-30 20:00:34 - [WATERMARK] Send Queue Size: 0 SlowTimeMills: 0
2025-07-30 20:00:34 - [WATERMARK] Pull Queue Size: 0 SlowTimeMills: 0
2025-07-30 20:00:34 - [WATERMARK] Query Queue Size: 0 SlowTimeMills: 0
2025-07-30 20:00:34 - [WATERMARK] Lite Pull Queue Size: 0 SlowTimeMills: 0
2025-07-30 20:00:34 - [WATERMARK] Transaction Queue Size: 0 SlowTimeMills: 0
2025-07-30 20:00:34 - [WATERMARK] ClientManager Queue Size: 0 SlowTimeMills: 0
2025-07-30 20:00:34 - [WATERMARK] Heartbeat Queue Size: 0 SlowTimeMills: 0
2025-07-30 20:00:34 - [WATERMARK] Ack Queue Size: 0 SlowTimeMills: 0
2025-07-30 20:00:34 - [WATERMARK] Admin Queue Size: 0 SlowTimeMills: 0
2025-07-30 20:00:35 - [WATERMARK] Send Queue Size: 0 SlowTimeMills: 0
2025-07-30 20:00:35 - [WATERMARK] Pull Queue Size: 0 SlowTimeMills: 0
2025-07-30 20:00:35 - [WATERMARK] Query Queue Size: 0 SlowTimeMills: 0
2025-07-30 20:00:35 - [WATERMARK] Lite Pull Queue Size: 0 SlowTimeMills: 0
2025-07-30 20:00:35 - [WATERMARK] Transaction Queue Size: 0 SlowTimeMills: 0
2025-07-30 20:00:35 - [WATERMARK] ClientManager Queue Size: 0 SlowTimeMills: 0
2025-07-30 20:00:35 - [WATERMARK] Heartbeat Queue Size: 0 SlowTimeMills: 0
2025-07-30 20:00:35 - [WATERMARK] Ack Queue Size: 0 SlowTimeMills: 0
2025-07-30 20:00:35 - [WATERMARK] Admin Queue Size: 0 SlowTimeMills: 0
2025-07-30 20:00:36 - [WATERMARK] Send Queue Size: 0 SlowTimeMills: 0
2025-07-30 20:00:36 - [WATERMARK] Pull Queue Size: 0 SlowTimeMills: 0
2025-07-30 20:00:36 - [WATERMARK] Query Queue Size: 0 SlowTimeMills: 0
2025-07-30 20:00:36 - [WATERMARK] Lite Pull Queue Size: 0 SlowTimeMills: 0
2025-07-30 20:00:36 - [WATERMARK] Transaction Queue Size: 0 SlowTimeMills: 0
2025-07-30 20:00:36 - [WATERMARK] ClientManager Queue Size: 0 SlowTimeMills: 0
2025-07-30 20:00:36 - [WATERMARK] Heartbeat Queue Size: 0 SlowTimeMills: 0
2025-07-30 20:00:36 - [WATERMARK] Ack Queue Size: 0 SlowTimeMills: 0
2025-07-30 20:00:36 - [WATERMARK] Admin Queue Size: 0 SlowTimeMills: 0
2025-07-30 20:00:37 - [WATERMARK] Send Queue Size: 0 SlowTimeMills: 0
2025-07-30 20:00:37 - [WATERMARK] Pull Queue Size: 0 SlowTimeMills: 0
2025-07-30 20:00:37 - [WATERMARK] Query Queue Size: 0 SlowTimeMills: 0
2025-07-30 20:00:37 - [WATERMARK] Lite Pull Queue Size: 0 SlowTimeMills: 0
2025-07-30 20:00:37 - [WATERMARK] Transaction Queue Size: 0 SlowTimeMills: 0
2025-07-30 20:00:37 - [WATERMARK] ClientManager Queue Size: 0 SlowTimeMills: 0
2025-07-30 20:00:37 - [WATERMARK] Heartbeat Queue Size: 0 SlowTimeMills: 0
2025-07-30 20:00:37 - [WATERMARK] Ack Queue Size: 0 SlowTimeMills: 0
2025-07-30 20:00:37 - [WATERMARK] Admin Queue Size: 0 SlowTimeMills: 0
2025-07-30 20:00:38 - [WATERMARK] Send Queue Size: 0 SlowTimeMills: 0
2025-07-30 20:00:38 - [WATERMARK] Pull Queue Size: 0 SlowTimeMills: 0
2025-07-30 20:00:38 - [WATERMARK] Query Queue Size: 0 SlowTimeMills: 0
2025-07-30 20:00:38 - [WATERMARK] Lite Pull Queue Size: 0 SlowTimeMills: 0
2025-07-30 20:00:38 - [WATERMARK] Transaction Queue Size: 0 SlowTimeMills: 0
2025-07-30 20:00:38 - [WATERMARK] ClientManager Queue Size: 0 SlowTimeMills: 0
2025-07-30 20:00:38 - [WATERMARK] Heartbeat Queue Size: 0 SlowTimeMills: 0
2025-07-30 20:00:38 - [WATERMARK] Ack Queue Size: 0 SlowTimeMills: 0
2025-07-30 20:00:38 - [WATERMARK] Admin Queue Size: 0 SlowTimeMills: 0
2025-07-30 20:00:39 - [WATERMARK] Send Queue Size: 0 SlowTimeMills: 0
2025-07-30 20:00:39 - [WATERMARK] Pull Queue Size: 0 SlowTimeMills: 0
2025-07-30 20:00:39 - [WATERMARK] Query Queue Size: 0 SlowTimeMills: 0
2025-07-30 20:00:39 - [WATERMARK] Lite Pull Queue Size: 0 SlowTimeMills: 0
2025-07-30 20:00:39 - [WATERMARK] Transaction Queue Size: 0 SlowTimeMills: 0
2025-07-30 20:00:39 - [WATERMARK] ClientManager Queue Size: 0 SlowTimeMills: 0
2025-07-30 20:00:39 - [WATERMARK] Heartbeat Queue Size: 0 SlowTimeMills: 0
2025-07-30 20:00:39 - [WATERMARK] Ack Queue Size: 0 SlowTimeMills: 0
2025-07-30 20:00:39 - [WATERMARK] Admin Queue Size: 0 SlowTimeMills: 0
2025-07-30 20:00:40 - [WATERMARK] Send Queue Size: 0 SlowTimeMills: 0
2025-07-30 20:00:40 - [WATERMARK] Pull Queue Size: 0 SlowTimeMills: 0
2025-07-30 20:00:40 - [WATERMARK] Query Queue Size: 0 SlowTimeMills: 0
2025-07-30 20:00:40 - [WATERMARK] Lite Pull Queue Size: 0 SlowTimeMills: 0
2025-07-30 20:00:40 - [WATERMARK] Transaction Queue Size: 0 SlowTimeMills: 0
2025-07-30 20:00:40 - [WATERMARK] ClientManager Queue Size: 0 SlowTimeMills: 0
2025-07-30 20:00:40 - [WATERMARK] Heartbeat Queue Size: 0 SlowTimeMills: 0
2025-07-30 20:00:40 - [WATERMARK] Ack Queue Size: 0 SlowTimeMills: 0
2025-07-30 20:00:40 - [WATERMARK] Admin Queue Size: 0 SlowTimeMills: 0
2025-07-30 20:00:41 - [WATERMARK] Send Queue Size: 0 SlowTimeMills: 0
2025-07-30 20:00:41 - [WATERMARK] Pull Queue Size: 0 SlowTimeMills: 0
2025-07-30 20:00:41 - [WATERMARK] Query Queue Size: 0 SlowTimeMills: 0
2025-07-30 20:00:41 - [WATERMARK] Lite Pull Queue Size: 0 SlowTimeMills: 0
2025-07-30 20:00:41 - [WATERMARK] Transaction Queue Size: 0 SlowTimeMills: 0
2025-07-30 20:00:41 - [WATERMARK] ClientManager Queue Size: 0 SlowTimeMills: 0
2025-07-30 20:00:41 - [WATERMARK] Heartbeat Queue Size: 0 SlowTimeMills: 0
2025-07-30 20:00:41 - [WATERMARK] Ack Queue Size: 0 SlowTimeMills: 0
2025-07-30 20:00:41 - [WATERMARK] Admin Queue Size: 0 SlowTimeMills: 0
2025-07-30 20:00:42 - [WATERMARK] Send Queue Size: 0 SlowTimeMills: 0
2025-07-30 20:00:42 - [WATERMARK] Pull Queue Size: 0 SlowTimeMills: 0
2025-07-30 20:00:42 - [WATERMARK] Query Queue Size: 0 SlowTimeMills: 0
2025-07-30 20:00:42 - [WATERMARK] Lite Pull Queue Size: 0 SlowTimeMills: 0
2025-07-30 20:00:42 - [WATERMARK] Transaction Queue Size: 0 SlowTimeMills: 0
2025-07-30 20:00:42 - [WATERMARK] ClientManager Queue Size: 0 SlowTimeMills: 0
2025-07-30 20:00:42 - [WATERMARK] Heartbeat Queue Size: 0 SlowTimeMills: 0
2025-07-30 20:00:42 - [WATERMARK] Ack Queue Size: 0 SlowTimeMills: 0
2025-07-30 20:00:42 - [WATERMARK] Admin Queue Size: 0 SlowTimeMills: 0
2025-07-30 20:00:43 - [WATERMARK] Send Queue Size: 0 SlowTimeMills: 0
2025-07-30 20:00:43 - [WATERMARK] Pull Queue Size: 0 SlowTimeMills: 0
2025-07-30 20:00:43 - [WATERMARK] Query Queue Size: 0 SlowTimeMills: 0
2025-07-30 20:00:43 - [WATERMARK] Lite Pull Queue Size: 0 SlowTimeMills: 0
2025-07-30 20:00:43 - [WATERMARK] Transaction Queue Size: 0 SlowTimeMills: 0
2025-07-30 20:00:43 - [WATERMARK] ClientManager Queue Size: 0 SlowTimeMills: 0
2025-07-30 20:00:43 - [WATERMARK] Heartbeat Queue Size: 0 SlowTimeMills: 0
2025-07-30 20:00:43 - [WATERMARK] Ack Queue Size: 0 SlowTimeMills: 0
2025-07-30 20:00:43 - [WATERMARK] Admin Queue Size: 0 SlowTimeMills: 0
2025-07-30 20:00:44 - [WATERMARK] Send Queue Size: 0 SlowTimeMills: 0
2025-07-30 20:00:44 - [WATERMARK] Pull Queue Size: 0 SlowTimeMills: 0
2025-07-30 20:00:44 - [WATERMARK] Query Queue Size: 0 SlowTimeMills: 0
2025-07-30 20:00:44 - [WATERMARK] Lite Pull Queue Size: 0 SlowTimeMills: 0
2025-07-30 20:00:44 - [WATERMARK] Transaction Queue Size: 0 SlowTimeMills: 0
2025-07-30 20:00:44 - [WATERMARK] ClientManager Queue Size: 0 SlowTimeMills: 0
2025-07-30 20:00:44 - [WATERMARK] Heartbeat Queue Size: 0 SlowTimeMills: 0
2025-07-30 20:00:44 - [WATERMARK] Ack Queue Size: 0 SlowTimeMills: 0
2025-07-30 20:00:44 - [WATERMARK] Admin Queue Size: 0 SlowTimeMills: 0
2025-07-30 20:00:45 - [WATERMARK] Send Queue Size: 0 SlowTimeMills: 0
2025-07-30 20:00:45 - [WATERMARK] Pull Queue Size: 0 SlowTimeMills: 0
2025-07-30 20:00:45 - [WATERMARK] Query Queue Size: 0 SlowTimeMills: 0
2025-07-30 20:00:45 - [WATERMARK] Lite Pull Queue Size: 0 SlowTimeMills: 0
2025-07-30 20:00:45 - [WATERMARK] Transaction Queue Size: 0 SlowTimeMills: 0
2025-07-30 20:00:45 - [WATERMARK] ClientManager Queue Size: 0 SlowTimeMills: 0
2025-07-30 20:00:45 - [WATERMARK] Heartbeat Queue Size: 0 SlowTimeMills: 0
2025-07-30 20:00:45 - [WATERMARK] Ack Queue Size: 0 SlowTimeMills: 0
2025-07-30 20:00:45 - [WATERMARK] Admin Queue Size: 0 SlowTimeMills: 0
2025-07-30 20:00:46 - [WATERMARK] Send Queue Size: 0 SlowTimeMills: 0
2025-07-30 20:00:46 - [WATERMARK] Pull Queue Size: 0 SlowTimeMills: 0
2025-07-30 20:00:46 - [WATERMARK] Query Queue Size: 0 SlowTimeMills: 0
2025-07-30 20:00:46 - [WATERMARK] Lite Pull Queue Size: 0 SlowTimeMills: 0
2025-07-30 20:00:46 - [WATERMARK] Transaction Queue Size: 0 SlowTimeMills: 0
2025-07-30 20:00:46 - [WATERMARK] ClientManager Queue Size: 0 SlowTimeMills: 0
2025-07-30 20:00:46 - [WATERMARK] Heartbeat Queue Size: 0 SlowTimeMills: 0
2025-07-30 20:00:46 - [WATERMARK] Ack Queue Size: 0 SlowTimeMills: 0
2025-07-30 20:00:46 - [WATERMARK] Admin Queue Size: 0 SlowTimeMills: 0
2025-07-30 20:00:47 - [WATERMARK] Send Queue Size: 0 SlowTimeMills: 0
2025-07-30 20:00:47 - [WATERMARK] Pull Queue Size: 0 SlowTimeMills: 0
2025-07-30 20:00:47 - [WATERMARK] Query Queue Size: 0 SlowTimeMills: 0
2025-07-30 20:00:47 - [WATERMARK] Lite Pull Queue Size: 0 SlowTimeMills: 0
2025-07-30 20:00:47 - [WATERMARK] Transaction Queue Size: 0 SlowTimeMills: 0
2025-07-30 20:00:47 - [WATERMARK] ClientManager Queue Size: 0 SlowTimeMills: 0
2025-07-30 20:00:47 - [WATERMARK] Heartbeat Queue Size: 0 SlowTimeMills: 0
2025-07-30 20:00:47 - [WATERMARK] Ack Queue Size: 0 SlowTimeMills: 0
2025-07-30 20:00:47 - [WATERMARK] Admin Queue Size: 0 SlowTimeMills: 0
2025-07-30 20:00:48 - [WATERMARK] Send Queue Size: 0 SlowTimeMills: 0
2025-07-30 20:00:48 - [WATERMARK] Pull Queue Size: 0 SlowTimeMills: 0
2025-07-30 20:00:48 - [WATERMARK] Query Queue Size: 0 SlowTimeMills: 0
2025-07-30 20:00:48 - [WATERMARK] Lite Pull Queue Size: 0 SlowTimeMills: 0
2025-07-30 20:00:48 - [WATERMARK] Transaction Queue Size: 0 SlowTimeMills: 0
2025-07-30 20:00:48 - [WATERMARK] ClientManager Queue Size: 0 SlowTimeMills: 0
2025-07-30 20:00:48 - [WATERMARK] Heartbeat Queue Size: 0 SlowTimeMills: 0
2025-07-30 20:00:48 - [WATERMARK] Ack Queue Size: 0 SlowTimeMills: 0
2025-07-30 20:00:48 - [WATERMARK] Admin Queue Size: 0 SlowTimeMills: 0
2025-07-30 20:00:49 - [WATERMARK] Send Queue Size: 0 SlowTimeMills: 0
2025-07-30 20:00:49 - [WATERMARK] Pull Queue Size: 0 SlowTimeMills: 0
2025-07-30 20:00:49 - [WATERMARK] Query Queue Size: 0 SlowTimeMills: 0
2025-07-30 20:00:49 - [WATERMARK] Lite Pull Queue Size: 0 SlowTimeMills: 0
2025-07-30 20:00:49 - [WATERMARK] Transaction Queue Size: 0 SlowTimeMills: 0
2025-07-30 20:00:49 - [WATERMARK] ClientManager Queue Size: 0 SlowTimeMills: 0
2025-07-30 20:00:49 - [WATERMARK] Heartbeat Queue Size: 0 SlowTimeMills: 0
2025-07-30 20:00:49 - [WATERMARK] Ack Queue Size: 0 SlowTimeMills: 0
2025-07-30 20:00:49 - [WATERMARK] Admin Queue Size: 0 SlowTimeMills: 0
2025-07-30 20:00:50 - [WATERMARK] Send Queue Size: 0 SlowTimeMills: 0
2025-07-30 20:00:50 - [WATERMARK] Pull Queue Size: 0 SlowTimeMills: 0
2025-07-30 20:00:50 - [WATERMARK] Query Queue Size: 0 SlowTimeMills: 0
2025-07-30 20:00:50 - [WATERMARK] Lite Pull Queue Size: 0 SlowTimeMills: 0
2025-07-30 20:00:50 - [WATERMARK] Transaction Queue Size: 0 SlowTimeMills: 0
2025-07-30 20:00:50 - [WATERMARK] ClientManager Queue Size: 0 SlowTimeMills: 0
2025-07-30 20:00:50 - [WATERMARK] Heartbeat Queue Size: 0 SlowTimeMills: 0
2025-07-30 20:00:50 - [WATERMARK] Ack Queue Size: 0 SlowTimeMills: 0
2025-07-30 20:00:50 - [WATERMARK] Admin Queue Size: 0 SlowTimeMills: 0
2025-07-30 20:00:51 - [WATERMARK] Send Queue Size: 0 SlowTimeMills: 0
2025-07-30 20:00:51 - [WATERMARK] Pull Queue Size: 0 SlowTimeMills: 0
2025-07-30 20:00:51 - [WATERMARK] Query Queue Size: 0 SlowTimeMills: 0
2025-07-30 20:00:51 - [WATERMARK] Lite Pull Queue Size: 0 SlowTimeMills: 0
2025-07-30 20:00:51 - [WATERMARK] Transaction Queue Size: 0 SlowTimeMills: 0
2025-07-30 20:00:51 - [WATERMARK] ClientManager Queue Size: 0 SlowTimeMills: 0
2025-07-30 20:00:51 - [WATERMARK] Heartbeat Queue Size: 0 SlowTimeMills: 0
2025-07-30 20:00:51 - [WATERMARK] Ack Queue Size: 0 SlowTimeMills: 0
2025-07-30 20:00:51 - [WATERMARK] Admin Queue Size: 0 SlowTimeMills: 0
2025-07-30 20:00:52 - [WATERMARK] Send Queue Size: 0 SlowTimeMills: 0
2025-07-30 20:00:52 - [WATERMARK] Pull Queue Size: 0 SlowTimeMills: 0
2025-07-30 20:00:52 - [WATERMARK] Query Queue Size: 0 SlowTimeMills: 0
2025-07-30 20:00:52 - [WATERMARK] Lite Pull Queue Size: 0 SlowTimeMills: 0
2025-07-30 20:00:52 - [WATERMARK] Transaction Queue Size: 0 SlowTimeMills: 0
2025-07-30 20:00:52 - [WATERMARK] ClientManager Queue Size: 0 SlowTimeMills: 0
2025-07-30 20:00:52 - [WATERMARK] Heartbeat Queue Size: 0 SlowTimeMills: 0
2025-07-30 20:00:52 - [WATERMARK] Ack Queue Size: 0 SlowTimeMills: 0
2025-07-30 20:00:52 - [WATERMARK] Admin Queue Size: 0 SlowTimeMills: 0
2025-07-30 20:00:53 - [WATERMARK] Send Queue Size: 0 SlowTimeMills: 0
2025-07-30 20:00:53 - [WATERMARK] Pull Queue Size: 0 SlowTimeMills: 0
2025-07-30 20:00:53 - [WATERMARK] Query Queue Size: 0 SlowTimeMills: 0
2025-07-30 20:00:53 - [WATERMARK] Lite Pull Queue Size: 0 SlowTimeMills: 0
2025-07-30 20:00:53 - [WATERMARK] Transaction Queue Size: 0 SlowTimeMills: 0
2025-07-30 20:00:53 - [WATERMARK] ClientManager Queue Size: 0 SlowTimeMills: 0
2025-07-30 20:00:53 - [WATERMARK] Heartbeat Queue Size: 0 SlowTimeMills: 0
2025-07-30 20:00:53 - [WATERMARK] Ack Queue Size: 0 SlowTimeMills: 0
2025-07-30 20:00:53 - [WATERMARK] Admin Queue Size: 0 SlowTimeMills: 0
2025-07-30 20:00:54 - [WATERMARK] Send Queue Size: 0 SlowTimeMills: 0
2025-07-30 20:00:54 - [WATERMARK] Pull Queue Size: 0 SlowTimeMills: 0
2025-07-30 20:00:54 - [WATERMARK] Query Queue Size: 0 SlowTimeMills: 0
2025-07-30 20:00:54 - [WATERMARK] Lite Pull Queue Size: 0 SlowTimeMills: 0
2025-07-30 20:00:54 - [WATERMARK] Transaction Queue Size: 0 SlowTimeMills: 0
2025-07-30 20:00:54 - [WATERMARK] ClientManager Queue Size: 0 SlowTimeMills: 0
2025-07-30 20:00:54 - [WATERMARK] Heartbeat Queue Size: 0 SlowTimeMills: 0
2025-07-30 20:00:54 - [WATERMARK] Ack Queue Size: 0 SlowTimeMills: 0
2025-07-30 20:00:54 - [WATERMARK] Admin Queue Size: 0 SlowTimeMills: 0
2025-07-30 20:00:55 - [WATERMARK] Send Queue Size: 0 SlowTimeMills: 0
2025-07-30 20:00:55 - [WATERMARK] Pull Queue Size: 0 SlowTimeMills: 0
2025-07-30 20:00:55 - [WATERMARK] Query Queue Size: 0 SlowTimeMills: 0
2025-07-30 20:00:55 - [WATERMARK] Lite Pull Queue Size: 0 SlowTimeMills: 0
2025-07-30 20:00:55 - [WATERMARK] Transaction Queue Size: 0 SlowTimeMills: 0
2025-07-30 20:00:55 - [WATERMARK] ClientManager Queue Size: 0 SlowTimeMills: 0
2025-07-30 20:00:55 - [WATERMARK] Heartbeat Queue Size: 0 SlowTimeMills: 0
2025-07-30 20:00:55 - [WATERMARK] Ack Queue Size: 0 SlowTimeMills: 0
2025-07-30 20:00:55 - [WATERMARK] Admin Queue Size: 0 SlowTimeMills: 0
2025-07-30 20:00:56 - [WATERMARK] Send Queue Size: 0 SlowTimeMills: 0
2025-07-30 20:00:56 - [WATERMARK] Pull Queue Size: 0 SlowTimeMills: 0
2025-07-30 20:00:56 - [WATERMARK] Query Queue Size: 0 SlowTimeMills: 0
2025-07-30 20:00:56 - [WATERMARK] Lite Pull Queue Size: 0 SlowTimeMills: 0
2025-07-30 20:00:56 - [WATERMARK] Transaction Queue Size: 0 SlowTimeMills: 0
2025-07-30 20:00:56 - [WATERMARK] ClientManager Queue Size: 0 SlowTimeMills: 0
2025-07-30 20:00:56 - [WATERMARK] Heartbeat Queue Size: 0 SlowTimeMills: 0
2025-07-30 20:00:56 - [WATERMARK] Ack Queue Size: 0 SlowTimeMills: 0
2025-07-30 20:00:56 - [WATERMARK] Admin Queue Size: 0 SlowTimeMills: 0
2025-07-30 20:00:57 - [WATERMARK] Send Queue Size: 0 SlowTimeMills: 0
2025-07-30 20:00:57 - [WATERMARK] Pull Queue Size: 0 SlowTimeMills: 0
2025-07-30 20:00:57 - [WATERMARK] Query Queue Size: 0 SlowTimeMills: 0
2025-07-30 20:00:57 - [WATERMARK] Lite Pull Queue Size: 0 SlowTimeMills: 0
2025-07-30 20:00:57 - [WATERMARK] Transaction Queue Size: 0 SlowTimeMills: 0
2025-07-30 20:00:57 - [WATERMARK] ClientManager Queue Size: 0 SlowTimeMills: 0
2025-07-30 20:00:57 - [WATERMARK] Heartbeat Queue Size: 0 SlowTimeMills: 0
2025-07-30 20:00:57 - [WATERMARK] Ack Queue Size: 0 SlowTimeMills: 0
2025-07-30 20:00:57 - [WATERMARK] Admin Queue Size: 0 SlowTimeMills: 0
2025-07-30 20:00:58 - [WATERMARK] Send Queue Size: 0 SlowTimeMills: 0
2025-07-30 20:00:58 - [WATERMARK] Pull Queue Size: 0 SlowTimeMills: 0
2025-07-30 20:00:58 - [WATERMARK] Query Queue Size: 0 SlowTimeMills: 0
2025-07-30 20:00:58 - [WATERMARK] Lite Pull Queue Size: 0 SlowTimeMills: 0
2025-07-30 20:00:58 - [WATERMARK] Transaction Queue Size: 0 SlowTimeMills: 0
2025-07-30 20:00:58 - [WATERMARK] ClientManager Queue Size: 0 SlowTimeMills: 0
2025-07-30 20:00:58 - [WATERMARK] Heartbeat Queue Size: 0 SlowTimeMills: 0
2025-07-30 20:00:58 - [WATERMARK] Ack Queue Size: 0 SlowTimeMills: 0
2025-07-30 20:00:58 - [WATERMARK] Admin Queue Size: 0 SlowTimeMills: 0
2025-07-30 20:00:59 - [WATERMARK] Send Queue Size: 0 SlowTimeMills: 0
2025-07-30 20:00:59 - [WATERMARK] Pull Queue Size: 0 SlowTimeMills: 0
2025-07-30 20:00:59 - [WATERMARK] Query Queue Size: 0 SlowTimeMills: 0
2025-07-30 20:00:59 - [WATERMARK] Lite Pull Queue Size: 0 SlowTimeMills: 0
2025-07-30 20:00:59 - [WATERMARK] Transaction Queue Size: 0 SlowTimeMills: 0
2025-07-30 20:00:59 - [WATERMARK] ClientManager Queue Size: 0 SlowTimeMills: 0
2025-07-30 20:00:59 - [WATERMARK] Heartbeat Queue Size: 0 SlowTimeMills: 0
2025-07-30 20:00:59 - [WATERMARK] Ack Queue Size: 0 SlowTimeMills: 0
2025-07-30 20:00:59 - [WATERMARK] Admin Queue Size: 0 SlowTimeMills: 0
2025-07-30 20:01:00 - [WATERMARK] Send Queue Size: 0 SlowTimeMills: 0
2025-07-30 20:01:00 - [WATERMARK] Pull Queue Size: 0 SlowTimeMills: 0
2025-07-30 20:01:00 - [WATERMARK] Query Queue Size: 0 SlowTimeMills: 0
2025-07-30 20:01:00 - [WATERMARK] Lite Pull Queue Size: 0 SlowTimeMills: 0
2025-07-30 20:01:00 - [WATERMARK] Transaction Queue Size: 0 SlowTimeMills: 0
2025-07-30 20:01:00 - [WATERMARK] ClientManager Queue Size: 0 SlowTimeMills: 0
2025-07-30 20:01:00 - [WATERMARK] Heartbeat Queue Size: 0 SlowTimeMills: 0
2025-07-30 20:01:00 - [WATERMARK] Ack Queue Size: 0 SlowTimeMills: 0
2025-07-30 20:01:00 - [WATERMARK] Admin Queue Size: 0 SlowTimeMills: 0
2025-07-30 20:01:01 - [WATERMARK] Send Queue Size: 0 SlowTimeMills: 0
2025-07-30 20:01:01 - [WATERMARK] Pull Queue Size: 0 SlowTimeMills: 0
2025-07-30 20:01:01 - [WATERMARK] Query Queue Size: 0 SlowTimeMills: 0
2025-07-30 20:01:01 - [WATERMARK] Lite Pull Queue Size: 0 SlowTimeMills: 0
2025-07-30 20:01:01 - [WATERMARK] Transaction Queue Size: 0 SlowTimeMills: 0
2025-07-30 20:01:01 - [WATERMARK] ClientManager Queue Size: 0 SlowTimeMills: 0
2025-07-30 20:01:01 - [WATERMARK] Heartbeat Queue Size: 0 SlowTimeMills: 0
2025-07-30 20:01:01 - [WATERMARK] Ack Queue Size: 0 SlowTimeMills: 0
2025-07-30 20:01:01 - [WATERMARK] Admin Queue Size: 0 SlowTimeMills: 0
2025-07-30 20:01:02 - [WATERMARK] Send Queue Size: 0 SlowTimeMills: 0
2025-07-30 20:01:02 - [WATERMARK] Pull Queue Size: 0 SlowTimeMills: 0
2025-07-30 20:01:02 - [WATERMARK] Query Queue Size: 0 SlowTimeMills: 0
2025-07-30 20:01:02 - [WATERMARK] Lite Pull Queue Size: 0 SlowTimeMills: 0
2025-07-30 20:01:02 - [WATERMARK] Transaction Queue Size: 0 SlowTimeMills: 0
2025-07-30 20:01:02 - [WATERMARK] ClientManager Queue Size: 0 SlowTimeMills: 0
2025-07-30 20:01:02 - [WATERMARK] Heartbeat Queue Size: 0 SlowTimeMills: 0
2025-07-30 20:01:02 - [WATERMARK] Ack Queue Size: 0 SlowTimeMills: 0
2025-07-30 20:01:02 - [WATERMARK] Admin Queue Size: 0 SlowTimeMills: 0
2025-07-30 20:01:03 - [WATERMARK] Send Queue Size: 0 SlowTimeMills: 0
2025-07-30 20:01:03 - [WATERMARK] Pull Queue Size: 0 SlowTimeMills: 0
2025-07-30 20:01:03 - [WATERMARK] Query Queue Size: 0 SlowTimeMills: 0
2025-07-30 20:01:03 - [WATERMARK] Lite Pull Queue Size: 0 SlowTimeMills: 0
2025-07-30 20:01:03 - [WATERMARK] Transaction Queue Size: 0 SlowTimeMills: 0
2025-07-30 20:01:03 - [WATERMARK] ClientManager Queue Size: 0 SlowTimeMills: 0
2025-07-30 20:01:03 - [WATERMARK] Heartbeat Queue Size: 0 SlowTimeMills: 0
2025-07-30 20:01:03 - [WATERMARK] Ack Queue Size: 0 SlowTimeMills: 0
2025-07-30 20:01:03 - [WATERMARK] Admin Queue Size: 0 SlowTimeMills: 0
2025-07-30 20:01:04 - [WATERMARK] Send Queue Size: 0 SlowTimeMills: 0
2025-07-30 20:01:04 - [WATERMARK] Pull Queue Size: 0 SlowTimeMills: 0
2025-07-30 20:01:04 - [WATERMARK] Query Queue Size: 0 SlowTimeMills: 0
2025-07-30 20:01:04 - [WATERMARK] Lite Pull Queue Size: 0 SlowTimeMills: 0
2025-07-30 20:01:04 - [WATERMARK] Transaction Queue Size: 0 SlowTimeMills: 0
2025-07-30 20:01:04 - [WATERMARK] ClientManager Queue Size: 0 SlowTimeMills: 0
2025-07-30 20:01:04 - [WATERMARK] Heartbeat Queue Size: 0 SlowTimeMills: 0
2025-07-30 20:01:04 - [WATERMARK] Ack Queue Size: 0 SlowTimeMills: 0
2025-07-30 20:01:04 - [WATERMARK] Admin Queue Size: 0 SlowTimeMills: 0
2025-07-30 20:01:05 - [WATERMARK] Send Queue Size: 0 SlowTimeMills: 0
2025-07-30 20:01:05 - [WATERMARK] Pull Queue Size: 0 SlowTimeMills: 0
2025-07-30 20:01:05 - [WATERMARK] Query Queue Size: 0 SlowTimeMills: 0
2025-07-30 20:01:05 - [WATERMARK] Lite Pull Queue Size: 0 SlowTimeMills: 0
2025-07-30 20:01:05 - [WATERMARK] Transaction Queue Size: 0 SlowTimeMills: 0
2025-07-30 20:01:05 - [WATERMARK] ClientManager Queue Size: 0 SlowTimeMills: 0
2025-07-30 20:01:05 - [WATERMARK] Heartbeat Queue Size: 0 SlowTimeMills: 0
2025-07-30 20:01:05 - [WATERMARK] Ack Queue Size: 0 SlowTimeMills: 0
2025-07-30 20:01:05 - [WATERMARK] Admin Queue Size: 0 SlowTimeMills: 0
2025-07-30 20:01:06 - [WATERMARK] Send Queue Size: 0 SlowTimeMills: 0
2025-07-30 20:01:06 - [WATERMARK] Pull Queue Size: 0 SlowTimeMills: 0
2025-07-30 20:01:06 - [WATERMARK] Query Queue Size: 0 SlowTimeMills: 0
2025-07-30 20:01:06 - [WATERMARK] Lite Pull Queue Size: 0 SlowTimeMills: 0
2025-07-30 20:01:06 - [WATERMARK] Transaction Queue Size: 0 SlowTimeMills: 0
2025-07-30 20:01:06 - [WATERMARK] ClientManager Queue Size: 0 SlowTimeMills: 0
2025-07-30 20:01:06 - [WATERMARK] Heartbeat Queue Size: 0 SlowTimeMills: 0
2025-07-30 20:01:06 - [WATERMARK] Ack Queue Size: 0 SlowTimeMills: 0
2025-07-30 20:01:06 - [WATERMARK] Admin Queue Size: 0 SlowTimeMills: 0
2025-07-30 20:01:07 - [WATERMARK] Send Queue Size: 0 SlowTimeMills: 0
2025-07-30 20:01:07 - [WATERMARK] Pull Queue Size: 0 SlowTimeMills: 0
2025-07-30 20:01:07 - [WATERMARK] Query Queue Size: 0 SlowTimeMills: 0
2025-07-30 20:01:07 - [WATERMARK] Lite Pull Queue Size: 0 SlowTimeMills: 0
2025-07-30 20:01:07 - [WATERMARK] Transaction Queue Size: 0 SlowTimeMills: 0
2025-07-30 20:01:07 - [WATERMARK] ClientManager Queue Size: 0 SlowTimeMills: 0
2025-07-30 20:01:07 - [WATERMARK] Heartbeat Queue Size: 0 SlowTimeMills: 0
2025-07-30 20:01:07 - [WATERMARK] Ack Queue Size: 0 SlowTimeMills: 0
2025-07-30 20:01:07 - [WATERMARK] Admin Queue Size: 0 SlowTimeMills: 0
2025-07-30 20:01:08 - [WATERMARK] Send Queue Size: 0 SlowTimeMills: 0
2025-07-30 20:01:08 - [WATERMARK] Pull Queue Size: 0 SlowTimeMills: 0
2025-07-30 20:01:08 - [WATERMARK] Query Queue Size: 0 SlowTimeMills: 0
2025-07-30 20:01:08 - [WATERMARK] Lite Pull Queue Size: 0 SlowTimeMills: 0
2025-07-30 20:01:08 - [WATERMARK] Transaction Queue Size: 0 SlowTimeMills: 0
2025-07-30 20:01:08 - [WATERMARK] ClientManager Queue Size: 0 SlowTimeMills: 0
2025-07-30 20:01:08 - [WATERMARK] Heartbeat Queue Size: 0 SlowTimeMills: 0
2025-07-30 20:01:08 - [WATERMARK] Ack Queue Size: 0 SlowTimeMills: 0
2025-07-30 20:01:08 - [WATERMARK] Admin Queue Size: 0 SlowTimeMills: 0
2025-07-30 20:01:09 - [WATERMARK] Send Queue Size: 0 SlowTimeMills: 0
2025-07-30 20:01:09 - [WATERMARK] Pull Queue Size: 0 SlowTimeMills: 0
2025-07-30 20:01:09 - [WATERMARK] Query Queue Size: 0 SlowTimeMills: 0
2025-07-30 20:01:09 - [WATERMARK] Lite Pull Queue Size: 0 SlowTimeMills: 0
2025-07-30 20:01:09 - [WATERMARK] Transaction Queue Size: 0 SlowTimeMills: 0
2025-07-30 20:01:09 - [WATERMARK] ClientManager Queue Size: 0 SlowTimeMills: 0
2025-07-30 20:01:09 - [WATERMARK] Heartbeat Queue Size: 0 SlowTimeMills: 0
2025-07-30 20:01:09 - [WATERMARK] Ack Queue Size: 0 SlowTimeMills: 0
2025-07-30 20:01:09 - [WATERMARK] Admin Queue Size: 0 SlowTimeMills: 0
2025-07-30 20:01:10 - [WATERMARK] Send Queue Size: 0 SlowTimeMills: 0
2025-07-30 20:01:10 - [WATERMARK] Pull Queue Size: 0 SlowTimeMills: 0
2025-07-30 20:01:10 - [WATERMARK] Query Queue Size: 0 SlowTimeMills: 0
2025-07-30 20:01:10 - [WATERMARK] Lite Pull Queue Size: 0 SlowTimeMills: 0
2025-07-30 20:01:10 - [WATERMARK] Transaction Queue Size: 0 SlowTimeMills: 0
2025-07-30 20:01:10 - [WATERMARK] ClientManager Queue Size: 0 SlowTimeMills: 0
2025-07-30 20:01:10 - [WATERMARK] Heartbeat Queue Size: 0 SlowTimeMills: 0
2025-07-30 20:01:10 - [WATERMARK] Ack Queue Size: 0 SlowTimeMills: 0
2025-07-30 20:01:10 - [WATERMARK] Admin Queue Size: 0 SlowTimeMills: 0
2025-07-30 20:01:11 - [WATERMARK] Send Queue Size: 0 SlowTimeMills: 0
2025-07-30 20:01:11 - [WATERMARK] Pull Queue Size: 0 SlowTimeMills: 0
2025-07-30 20:01:11 - [WATERMARK] Query Queue Size: 0 SlowTimeMills: 0
2025-07-30 20:01:11 - [WATERMARK] Lite Pull Queue Size: 0 SlowTimeMills: 0
2025-07-30 20:01:11 - [WATERMARK] Transaction Queue Size: 0 SlowTimeMills: 0
2025-07-30 20:01:11 - [WATERMARK] ClientManager Queue Size: 0 SlowTimeMills: 0
2025-07-30 20:01:11 - [WATERMARK] Heartbeat Queue Size: 0 SlowTimeMills: 0
2025-07-30 20:01:11 - [WATERMARK] Ack Queue Size: 0 SlowTimeMills: 0
2025-07-30 20:01:11 - [WATERMARK] Admin Queue Size: 0 SlowTimeMills: 0
2025-07-30 20:01:12 - [WATERMARK] Send Queue Size: 0 SlowTimeMills: 0
2025-07-30 20:01:12 - [WATERMARK] Pull Queue Size: 0 SlowTimeMills: 0
2025-07-30 20:01:12 - [WATERMARK] Query Queue Size: 0 SlowTimeMills: 0
2025-07-30 20:01:12 - [WATERMARK] Lite Pull Queue Size: 0 SlowTimeMills: 0
2025-07-30 20:01:12 - [WATERMARK] Transaction Queue Size: 0 SlowTimeMills: 0
2025-07-30 20:01:12 - [WATERMARK] ClientManager Queue Size: 0 SlowTimeMills: 0
2025-07-30 20:01:12 - [WATERMARK] Heartbeat Queue Size: 0 SlowTimeMills: 0
2025-07-30 20:01:12 - [WATERMARK] Ack Queue Size: 0 SlowTimeMills: 0
2025-07-30 20:01:12 - [WATERMARK] Admin Queue Size: 0 SlowTimeMills: 0
2025-07-30 20:01:13 - [WATERMARK] Send Queue Size: 0 SlowTimeMills: 0
2025-07-30 20:01:13 - [WATERMARK] Pull Queue Size: 0 SlowTimeMills: 0
2025-07-30 20:01:13 - [WATERMARK] Query Queue Size: 0 SlowTimeMills: 0
2025-07-30 20:01:13 - [WATERMARK] Lite Pull Queue Size: 0 SlowTimeMills: 0
2025-07-30 20:01:13 - [WATERMARK] Transaction Queue Size: 0 SlowTimeMills: 0
2025-07-30 20:01:13 - [WATERMARK] ClientManager Queue Size: 0 SlowTimeMills: 0
2025-07-30 20:01:13 - [WATERMARK] Heartbeat Queue Size: 0 SlowTimeMills: 0
2025-07-30 20:01:13 - [WATERMARK] Ack Queue Size: 0 SlowTimeMills: 0
2025-07-30 20:01:13 - [WATERMARK] Admin Queue Size: 0 SlowTimeMills: 0
2025-07-30 20:01:14 - [WATERMARK] Send Queue Size: 0 SlowTimeMills: 0
2025-07-30 20:01:14 - [WATERMARK] Pull Queue Size: 0 SlowTimeMills: 0
2025-07-30 20:01:14 - [WATERMARK] Query Queue Size: 0 SlowTimeMills: 0
2025-07-30 20:01:14 - [WATERMARK] Lite Pull Queue Size: 0 SlowTimeMills: 0
2025-07-30 20:01:14 - [WATERMARK] Transaction Queue Size: 0 SlowTimeMills: 0
2025-07-30 20:01:14 - [WATERMARK] ClientManager Queue Size: 0 SlowTimeMills: 0
2025-07-30 20:01:14 - [WATERMARK] Heartbeat Queue Size: 0 SlowTimeMills: 0
2025-07-30 20:01:14 - [WATERMARK] Ack Queue Size: 0 SlowTimeMills: 0
2025-07-30 20:01:14 - [WATERMARK] Admin Queue Size: 0 SlowTimeMills: 0
2025-07-30 20:01:15 - [WATERMARK] Send Queue Size: 0 SlowTimeMills: 0
2025-07-30 20:01:15 - [WATERMARK] Pull Queue Size: 0 SlowTimeMills: 0
2025-07-30 20:01:15 - [WATERMARK] Query Queue Size: 0 SlowTimeMills: 0
2025-07-30 20:01:15 - [WATERMARK] Lite Pull Queue Size: 0 SlowTimeMills: 0
2025-07-30 20:01:15 - [WATERMARK] Transaction Queue Size: 0 SlowTimeMills: 0
2025-07-30 20:01:15 - [WATERMARK] ClientManager Queue Size: 0 SlowTimeMills: 0
2025-07-30 20:01:15 - [WATERMARK] Heartbeat Queue Size: 0 SlowTimeMills: 0
2025-07-30 20:01:15 - [WATERMARK] Ack Queue Size: 0 SlowTimeMills: 0
2025-07-30 20:01:15 - [WATERMARK] Admin Queue Size: 0 SlowTimeMills: 0
2025-07-30 20:01:16 - [WATERMARK] Send Queue Size: 0 SlowTimeMills: 0
2025-07-30 20:01:16 - [WATERMARK] Pull Queue Size: 0 SlowTimeMills: 0
2025-07-30 20:01:16 - [WATERMARK] Query Queue Size: 0 SlowTimeMills: 0
2025-07-30 20:01:16 - [WATERMARK] Lite Pull Queue Size: 0 SlowTimeMills: 0
2025-07-30 20:01:16 - [WATERMARK] Transaction Queue Size: 0 SlowTimeMills: 0
2025-07-30 20:01:16 - [WATERMARK] ClientManager Queue Size: 0 SlowTimeMills: 0
2025-07-30 20:01:16 - [WATERMARK] Heartbeat Queue Size: 0 SlowTimeMills: 0
2025-07-30 20:01:16 - [WATERMARK] Ack Queue Size: 0 SlowTimeMills: 0
2025-07-30 20:01:16 - [WATERMARK] Admin Queue Size: 0 SlowTimeMills: 0
2025-07-30 20:01:17 - [WATERMARK] Send Queue Size: 0 SlowTimeMills: 0
2025-07-30 20:01:17 - [WATERMARK] Pull Queue Size: 0 SlowTimeMills: 0
2025-07-30 20:01:17 - [WATERMARK] Query Queue Size: 0 SlowTimeMills: 0
2025-07-30 20:01:17 - [WATERMARK] Lite Pull Queue Size: 0 SlowTimeMills: 0
2025-07-30 20:01:17 - [WATERMARK] Transaction Queue Size: 0 SlowTimeMills: 0
2025-07-30 20:01:17 - [WATERMARK] ClientManager Queue Size: 0 SlowTimeMills: 0
2025-07-30 20:01:17 - [WATERMARK] Heartbeat Queue Size: 0 SlowTimeMills: 0
2025-07-30 20:01:17 - [WATERMARK] Ack Queue Size: 0 SlowTimeMills: 0
2025-07-30 20:01:17 - [WATERMARK] Admin Queue Size: 0 SlowTimeMills: 0
2025-07-30 20:01:18 - [WATERMARK] Send Queue Size: 0 SlowTimeMills: 0
2025-07-30 20:01:18 - [WATERMARK] Pull Queue Size: 0 SlowTimeMills: 0
2025-07-30 20:01:18 - [WATERMARK] Query Queue Size: 0 SlowTimeMills: 0
2025-07-30 20:01:18 - [WATERMARK] Lite Pull Queue Size: 0 SlowTimeMills: 0
2025-07-30 20:01:18 - [WATERMARK] Transaction Queue Size: 0 SlowTimeMills: 0
2025-07-30 20:01:18 - [WATERMARK] ClientManager Queue Size: 0 SlowTimeMills: 0
2025-07-30 20:01:18 - [WATERMARK] Heartbeat Queue Size: 0 SlowTimeMills: 0
2025-07-30 20:01:18 - [WATERMARK] Ack Queue Size: 0 SlowTimeMills: 0
2025-07-30 20:01:18 - [WATERMARK] Admin Queue Size: 0 SlowTimeMills: 0
2025-07-30 20:01:19 - [WATERMARK] Send Queue Size: 0 SlowTimeMills: 0
2025-07-30 20:01:19 - [WATERMARK] Pull Queue Size: 0 SlowTimeMills: 0
2025-07-30 20:01:19 - [WATERMARK] Query Queue Size: 0 SlowTimeMills: 0
2025-07-30 20:01:19 - [WATERMARK] Lite Pull Queue Size: 0 SlowTimeMills: 0
2025-07-30 20:01:19 - [WATERMARK] Transaction Queue Size: 0 SlowTimeMills: 0
2025-07-30 20:01:19 - [WATERMARK] ClientManager Queue Size: 0 SlowTimeMills: 0
2025-07-30 20:01:19 - [WATERMARK] Heartbeat Queue Size: 0 SlowTimeMills: 0
2025-07-30 20:01:19 - [WATERMARK] Ack Queue Size: 0 SlowTimeMills: 0
2025-07-30 20:01:19 - [WATERMARK] Admin Queue Size: 0 SlowTimeMills: 0
2025-07-30 20:01:20 - [WATERMARK] Send Queue Size: 0 SlowTimeMills: 0
2025-07-30 20:01:20 - [WATERMARK] Pull Queue Size: 0 SlowTimeMills: 0
2025-07-30 20:01:20 - [WATERMARK] Query Queue Size: 0 SlowTimeMills: 0
2025-07-30 20:01:20 - [WATERMARK] Lite Pull Queue Size: 0 SlowTimeMills: 0
2025-07-30 20:01:20 - [WATERMARK] Transaction Queue Size: 0 SlowTimeMills: 0
2025-07-30 20:01:20 - [WATERMARK] ClientManager Queue Size: 0 SlowTimeMills: 0
2025-07-30 20:01:20 - [WATERMARK] Heartbeat Queue Size: 0 SlowTimeMills: 0
2025-07-30 20:01:20 - [WATERMARK] Ack Queue Size: 0 SlowTimeMills: 0
2025-07-30 20:01:20 - [WATERMARK] Admin Queue Size: 0 SlowTimeMills: 0
2025-07-30 20:01:21 - [WATERMARK] Send Queue Size: 0 SlowTimeMills: 0
2025-07-30 20:01:21 - [WATERMARK] Pull Queue Size: 0 SlowTimeMills: 0
2025-07-30 20:01:21 - [WATERMARK] Query Queue Size: 0 SlowTimeMills: 0
2025-07-30 20:01:21 - [WATERMARK] Lite Pull Queue Size: 0 SlowTimeMills: 0
2025-07-30 20:01:21 - [WATERMARK] Transaction Queue Size: 0 SlowTimeMills: 0
2025-07-30 20:01:21 - [WATERMARK] ClientManager Queue Size: 0 SlowTimeMills: 0
2025-07-30 20:01:21 - [WATERMARK] Heartbeat Queue Size: 0 SlowTimeMills: 0
2025-07-30 20:01:21 - [WATERMARK] Ack Queue Size: 0 SlowTimeMills: 0
2025-07-30 20:01:21 - [WATERMARK] Admin Queue Size: 0 SlowTimeMills: 0
2025-07-30 20:01:22 - [WATERMARK] Send Queue Size: 0 SlowTimeMills: 0
2025-07-30 20:01:22 - [WATERMARK] Pull Queue Size: 0 SlowTimeMills: 0
2025-07-30 20:01:22 - [WATERMARK] Query Queue Size: 0 SlowTimeMills: 0
2025-07-30 20:01:22 - [WATERMARK] Lite Pull Queue Size: 0 SlowTimeMills: 0
2025-07-30 20:01:22 - [WATERMARK] Transaction Queue Size: 0 SlowTimeMills: 0
2025-07-30 20:01:22 - [WATERMARK] ClientManager Queue Size: 0 SlowTimeMills: 0
2025-07-30 20:01:22 - [WATERMARK] Heartbeat Queue Size: 0 SlowTimeMills: 0
2025-07-30 20:01:22 - [WATERMARK] Ack Queue Size: 0 SlowTimeMills: 0
2025-07-30 20:01:22 - [WATERMARK] Admin Queue Size: 0 SlowTimeMills: 0
2025-07-30 20:01:23 - [WATERMARK] Send Queue Size: 0 SlowTimeMills: 0
2025-07-30 20:01:23 - [WATERMARK] Pull Queue Size: 0 SlowTimeMills: 0
2025-07-30 20:01:23 - [WATERMARK] Query Queue Size: 0 SlowTimeMills: 0
2025-07-30 20:01:23 - [WATERMARK] Lite Pull Queue Size: 0 SlowTimeMills: 0
2025-07-30 20:01:23 - [WATERMARK] Transaction Queue Size: 0 SlowTimeMills: 0
2025-07-30 20:01:23 - [WATERMARK] ClientManager Queue Size: 0 SlowTimeMills: 0
2025-07-30 20:01:23 - [WATERMARK] Heartbeat Queue Size: 0 SlowTimeMills: 0
2025-07-30 20:01:23 - [WATERMARK] Ack Queue Size: 0 SlowTimeMills: 0
2025-07-30 20:01:23 - [WATERMARK] Admin Queue Size: 0 SlowTimeMills: 0
2025-07-30 20:01:24 - [WATERMARK] Send Queue Size: 0 SlowTimeMills: 0
2025-07-30 20:01:24 - [WATERMARK] Pull Queue Size: 0 SlowTimeMills: 0
2025-07-30 20:01:24 - [WATERMARK] Query Queue Size: 0 SlowTimeMills: 0
2025-07-30 20:01:24 - [WATERMARK] Lite Pull Queue Size: 0 SlowTimeMills: 0
2025-07-30 20:01:24 - [WATERMARK] Transaction Queue Size: 0 SlowTimeMills: 0
2025-07-30 20:01:24 - [WATERMARK] ClientManager Queue Size: 0 SlowTimeMills: 0
2025-07-30 20:01:24 - [WATERMARK] Heartbeat Queue Size: 0 SlowTimeMills: 0
2025-07-30 20:01:24 - [WATERMARK] Ack Queue Size: 0 SlowTimeMills: 0
2025-07-30 20:01:24 - [WATERMARK] Admin Queue Size: 0 SlowTimeMills: 0
2025-07-30 20:01:25 - [WATERMARK] Send Queue Size: 0 SlowTimeMills: 0
2025-07-30 20:01:25 - [WATERMARK] Pull Queue Size: 0 SlowTimeMills: 0
2025-07-30 20:01:25 - [WATERMARK] Query Queue Size: 0 SlowTimeMills: 0
2025-07-30 20:01:25 - [WATERMARK] Lite Pull Queue Size: 0 SlowTimeMills: 0
2025-07-30 20:01:25 - [WATERMARK] Transaction Queue Size: 0 SlowTimeMills: 0
2025-07-30 20:01:25 - [WATERMARK] ClientManager Queue Size: 0 SlowTimeMills: 0
2025-07-30 20:01:25 - [WATERMARK] Heartbeat Queue Size: 0 SlowTimeMills: 0
2025-07-30 20:01:25 - [WATERMARK] Ack Queue Size: 0 SlowTimeMills: 0
2025-07-30 20:01:25 - [WATERMARK] Admin Queue Size: 0 SlowTimeMills: 0
2025-07-30 20:01:26 - [WATERMARK] Send Queue Size: 0 SlowTimeMills: 0
2025-07-30 20:01:26 - [WATERMARK] Pull Queue Size: 0 SlowTimeMills: 0
2025-07-30 20:01:26 - [WATERMARK] Query Queue Size: 0 SlowTimeMills: 0
2025-07-30 20:01:26 - [WATERMARK] Lite Pull Queue Size: 0 SlowTimeMills: 0
2025-07-30 20:01:26 - [WATERMARK] Transaction Queue Size: 0 SlowTimeMills: 0
2025-07-30 20:01:26 - [WATERMARK] ClientManager Queue Size: 0 SlowTimeMills: 0
2025-07-30 20:01:26 - [WATERMARK] Heartbeat Queue Size: 0 SlowTimeMills: 0
2025-07-30 20:01:26 - [WATERMARK] Ack Queue Size: 0 SlowTimeMills: 0
2025-07-30 20:01:26 - [WATERMARK] Admin Queue Size: 0 SlowTimeMills: 0
2025-07-30 20:01:27 - [WATERMARK] Send Queue Size: 0 SlowTimeMills: 0
2025-07-30 20:01:27 - [WATERMARK] Pull Queue Size: 0 SlowTimeMills: 0
2025-07-30 20:01:27 - [WATERMARK] Query Queue Size: 0 SlowTimeMills: 0
2025-07-30 20:01:27 - [WATERMARK] Lite Pull Queue Size: 0 SlowTimeMills: 0
2025-07-30 20:01:27 - [WATERMARK] Transaction Queue Size: 0 SlowTimeMills: 0
2025-07-30 20:01:27 - [WATERMARK] ClientManager Queue Size: 0 SlowTimeMills: 0
2025-07-30 20:01:27 - [WATERMARK] Heartbeat Queue Size: 0 SlowTimeMills: 0
2025-07-30 20:01:27 - [WATERMARK] Ack Queue Size: 0 SlowTimeMills: 0
2025-07-30 20:01:27 - [WATERMARK] Admin Queue Size: 0 SlowTimeMills: 0
2025-07-30 20:01:28 - [WATERMARK] Send Queue Size: 0 SlowTimeMills: 0
2025-07-30 20:01:28 - [WATERMARK] Pull Queue Size: 0 SlowTimeMills: 0
2025-07-30 20:01:28 - [WATERMARK] Query Queue Size: 0 SlowTimeMills: 0
2025-07-30 20:01:28 - [WATERMARK] Lite Pull Queue Size: 0 SlowTimeMills: 0
2025-07-30 20:01:28 - [WATERMARK] Transaction Queue Size: 0 SlowTimeMills: 0
2025-07-30 20:01:28 - [WATERMARK] ClientManager Queue Size: 0 SlowTimeMills: 0
2025-07-30 20:01:28 - [WATERMARK] Heartbeat Queue Size: 0 SlowTimeMills: 0
2025-07-30 20:01:28 - [WATERMARK] Ack Queue Size: 0 SlowTimeMills: 0
2025-07-30 20:01:28 - [WATERMARK] Admin Queue Size: 0 SlowTimeMills: 0
2025-07-30 20:01:29 - [WATERMARK] Send Queue Size: 0 SlowTimeMills: 0
2025-07-30 20:01:29 - [WATERMARK] Pull Queue Size: 0 SlowTimeMills: 0
2025-07-30 20:01:29 - [WATERMARK] Query Queue Size: 0 SlowTimeMills: 0
2025-07-30 20:01:29 - [WATERMARK] Lite Pull Queue Size: 0 SlowTimeMills: 0
2025-07-30 20:01:29 - [WATERMARK] Transaction Queue Size: 0 SlowTimeMills: 0
2025-07-30 20:01:29 - [WATERMARK] ClientManager Queue Size: 0 SlowTimeMills: 0
2025-07-30 20:01:29 - [WATERMARK] Heartbeat Queue Size: 0 SlowTimeMills: 0
2025-07-30 20:01:29 - [WATERMARK] Ack Queue Size: 0 SlowTimeMills: 0
2025-07-30 20:01:29 - [WATERMARK] Admin Queue Size: 0 SlowTimeMills: 0
2025-07-30 20:01:30 - [WATERMARK] Send Queue Size: 0 SlowTimeMills: 0
2025-07-30 20:01:30 - [WATERMARK] Pull Queue Size: 0 SlowTimeMills: 0
2025-07-30 20:01:30 - [WATERMARK] Query Queue Size: 0 SlowTimeMills: 0
2025-07-30 20:01:30 - [WATERMARK] Lite Pull Queue Size: 0 SlowTimeMills: 0
2025-07-30 20:01:30 - [WATERMARK] Transaction Queue Size: 0 SlowTimeMills: 0
2025-07-30 20:01:30 - [WATERMARK] ClientManager Queue Size: 0 SlowTimeMills: 0
2025-07-30 20:01:30 - [WATERMARK] Heartbeat Queue Size: 0 SlowTimeMills: 0
2025-07-30 20:01:30 - [WATERMARK] Ack Queue Size: 0 SlowTimeMills: 0
2025-07-30 20:01:30 - [WATERMARK] Admin Queue Size: 0 SlowTimeMills: 0
2025-07-30 20:01:31 - [WATERMARK] Send Queue Size: 0 SlowTimeMills: 0
2025-07-30 20:01:31 - [WATERMARK] Pull Queue Size: 0 SlowTimeMills: 0
2025-07-30 20:01:31 - [WATERMARK] Query Queue Size: 0 SlowTimeMills: 0
2025-07-30 20:01:31 - [WATERMARK] Lite Pull Queue Size: 0 SlowTimeMills: 0
2025-07-30 20:01:31 - [WATERMARK] Transaction Queue Size: 0 SlowTimeMills: 0
2025-07-30 20:01:31 - [WATERMARK] ClientManager Queue Size: 0 SlowTimeMills: 0
2025-07-30 20:01:31 - [WATERMARK] Heartbeat Queue Size: 0 SlowTimeMills: 0
2025-07-30 20:01:31 - [WATERMARK] Ack Queue Size: 0 SlowTimeMills: 0
2025-07-30 20:01:31 - [WATERMARK] Admin Queue Size: 0 SlowTimeMills: 0
2025-07-30 20:01:32 - [WATERMARK] Send Queue Size: 0 SlowTimeMills: 0
2025-07-30 20:01:32 - [WATERMARK] Pull Queue Size: 0 SlowTimeMills: 0
2025-07-30 20:01:32 - [WATERMARK] Query Queue Size: 0 SlowTimeMills: 0
2025-07-30 20:01:32 - [WATERMARK] Lite Pull Queue Size: 0 SlowTimeMills: 0
2025-07-30 20:01:32 - [WATERMARK] Transaction Queue Size: 0 SlowTimeMills: 0
2025-07-30 20:01:32 - [WATERMARK] ClientManager Queue Size: 0 SlowTimeMills: 0
2025-07-30 20:01:32 - [WATERMARK] Heartbeat Queue Size: 0 SlowTimeMills: 0
2025-07-30 20:01:32 - [WATERMARK] Ack Queue Size: 0 SlowTimeMills: 0
2025-07-30 20:01:32 - [WATERMARK] Admin Queue Size: 0 SlowTimeMills: 0
2025-07-30 20:01:33 - [WATERMARK] Send Queue Size: 0 SlowTimeMills: 0
2025-07-30 20:01:33 - [WATERMARK] Pull Queue Size: 0 SlowTimeMills: 0
2025-07-30 20:01:33 - [WATERMARK] Query Queue Size: 0 SlowTimeMills: 0
2025-07-30 20:01:33 - [WATERMARK] Lite Pull Queue Size: 0 SlowTimeMills: 0
2025-07-30 20:01:33 - [WATERMARK] Transaction Queue Size: 0 SlowTimeMills: 0
2025-07-30 20:01:33 - [WATERMARK] ClientManager Queue Size: 0 SlowTimeMills: 0
2025-07-30 20:01:33 - [WATERMARK] Heartbeat Queue Size: 0 SlowTimeMills: 0
2025-07-30 20:01:33 - [WATERMARK] Ack Queue Size: 0 SlowTimeMills: 0
2025-07-30 20:01:33 - [WATERMARK] Admin Queue Size: 0 SlowTimeMills: 0
2025-07-30 20:01:34 - [WATERMARK] Send Queue Size: 0 SlowTimeMills: 0
2025-07-30 20:01:34 - [WATERMARK] Pull Queue Size: 0 SlowTimeMills: 0
2025-07-30 20:01:34 - [WATERMARK] Query Queue Size: 0 SlowTimeMills: 0
2025-07-30 20:01:34 - [WATERMARK] Lite Pull Queue Size: 0 SlowTimeMills: 0
2025-07-30 20:01:34 - [WATERMARK] Transaction Queue Size: 0 SlowTimeMills: 0
2025-07-30 20:01:34 - [WATERMARK] ClientManager Queue Size: 0 SlowTimeMills: 0
2025-07-30 20:01:34 - [WATERMARK] Heartbeat Queue Size: 0 SlowTimeMills: 0
2025-07-30 20:01:34 - [WATERMARK] Ack Queue Size: 0 SlowTimeMills: 0
2025-07-30 20:01:34 - [WATERMARK] Admin Queue Size: 0 SlowTimeMills: 0
2025-07-30 20:01:35 - [WATERMARK] Send Queue Size: 0 SlowTimeMills: 0
2025-07-30 20:01:35 - [WATERMARK] Pull Queue Size: 0 SlowTimeMills: 0
2025-07-30 20:01:35 - [WATERMARK] Query Queue Size: 0 SlowTimeMills: 0
2025-07-30 20:01:35 - [WATERMARK] Lite Pull Queue Size: 0 SlowTimeMills: 0
2025-07-30 20:01:35 - [WATERMARK] Transaction Queue Size: 0 SlowTimeMills: 0
2025-07-30 20:01:35 - [WATERMARK] ClientManager Queue Size: 0 SlowTimeMills: 0
2025-07-30 20:01:35 - [WATERMARK] Heartbeat Queue Size: 0 SlowTimeMills: 0
2025-07-30 20:01:35 - [WATERMARK] Ack Queue Size: 0 SlowTimeMills: 0
2025-07-30 20:01:35 - [WATERMARK] Admin Queue Size: 0 SlowTimeMills: 0
2025-07-30 20:01:36 - [WATERMARK] Send Queue Size: 0 SlowTimeMills: 0
2025-07-30 20:01:36 - [WATERMARK] Pull Queue Size: 0 SlowTimeMills: 0
2025-07-30 20:01:36 - [WATERMARK] Query Queue Size: 0 SlowTimeMills: 0
2025-07-30 20:01:36 - [WATERMARK] Lite Pull Queue Size: 0 SlowTimeMills: 0
2025-07-30 20:01:36 - [WATERMARK] Transaction Queue Size: 0 SlowTimeMills: 0
2025-07-30 20:01:36 - [WATERMARK] ClientManager Queue Size: 0 SlowTimeMills: 0
2025-07-30 20:01:36 - [WATERMARK] Heartbeat Queue Size: 0 SlowTimeMills: 0
2025-07-30 20:01:36 - [WATERMARK] Ack Queue Size: 0 SlowTimeMills: 0
2025-07-30 20:01:36 - [WATERMARK] Admin Queue Size: 0 SlowTimeMills: 0
2025-07-30 20:01:37 - [WATERMARK] Send Queue Size: 0 SlowTimeMills: 0
2025-07-30 20:01:37 - [WATERMARK] Pull Queue Size: 0 SlowTimeMills: 0
2025-07-30 20:01:37 - [WATERMARK] Query Queue Size: 0 SlowTimeMills: 0
2025-07-30 20:01:37 - [WATERMARK] Lite Pull Queue Size: 0 SlowTimeMills: 0
2025-07-30 20:01:37 - [WATERMARK] Transaction Queue Size: 0 SlowTimeMills: 0
2025-07-30 20:01:37 - [WATERMARK] ClientManager Queue Size: 0 SlowTimeMills: 0
2025-07-30 20:01:37 - [WATERMARK] Heartbeat Queue Size: 0 SlowTimeMills: 0
2025-07-30 20:01:37 - [WATERMARK] Ack Queue Size: 0 SlowTimeMills: 0
2025-07-30 20:01:37 - [WATERMARK] Admin Queue Size: 0 SlowTimeMills: 0
2025-07-30 20:01:38 - [WATERMARK] Send Queue Size: 0 SlowTimeMills: 0
2025-07-30 20:01:38 - [WATERMARK] Pull Queue Size: 0 SlowTimeMills: 0
2025-07-30 20:01:38 - [WATERMARK] Query Queue Size: 0 SlowTimeMills: 0
2025-07-30 20:01:38 - [WATERMARK] Lite Pull Queue Size: 0 SlowTimeMills: 0
2025-07-30 20:01:38 - [WATERMARK] Transaction Queue Size: 0 SlowTimeMills: 0
2025-07-30 20:01:38 - [WATERMARK] ClientManager Queue Size: 0 SlowTimeMills: 0
2025-07-30 20:01:38 - [WATERMARK] Heartbeat Queue Size: 0 SlowTimeMills: 0
2025-07-30 20:01:38 - [WATERMARK] Ack Queue Size: 0 SlowTimeMills: 0
2025-07-30 20:01:38 - [WATERMARK] Admin Queue Size: 0 SlowTimeMills: 0
2025-07-30 20:01:39 - [WATERMARK] Send Queue Size: 0 SlowTimeMills: 0
2025-07-30 20:01:39 - [WATERMARK] Pull Queue Size: 0 SlowTimeMills: 0
2025-07-30 20:01:39 - [WATERMARK] Query Queue Size: 0 SlowTimeMills: 0
2025-07-30 20:01:39 - [WATERMARK] Lite Pull Queue Size: 0 SlowTimeMills: 0
2025-07-30 20:01:39 - [WATERMARK] Transaction Queue Size: 0 SlowTimeMills: 0
2025-07-30 20:01:39 - [WATERMARK] ClientManager Queue Size: 0 SlowTimeMills: 0
2025-07-30 20:01:39 - [WATERMARK] Heartbeat Queue Size: 0 SlowTimeMills: 0
2025-07-30 20:01:39 - [WATERMARK] Ack Queue Size: 0 SlowTimeMills: 0
2025-07-30 20:01:39 - [WATERMARK] Admin Queue Size: 0 SlowTimeMills: 0
2025-07-30 20:01:40 - [WATERMARK] Send Queue Size: 0 SlowTimeMills: 0
2025-07-30 20:01:40 - [WATERMARK] Pull Queue Size: 0 SlowTimeMills: 0
2025-07-30 20:01:40 - [WATERMARK] Query Queue Size: 0 SlowTimeMills: 0
2025-07-30 20:01:40 - [WATERMARK] Lite Pull Queue Size: 0 SlowTimeMills: 0
2025-07-30 20:01:40 - [WATERMARK] Transaction Queue Size: 0 SlowTimeMills: 0
2025-07-30 20:01:40 - [WATERMARK] ClientManager Queue Size: 0 SlowTimeMills: 0
2025-07-30 20:01:40 - [WATERMARK] Heartbeat Queue Size: 0 SlowTimeMills: 0
2025-07-30 20:01:40 - [WATERMARK] Ack Queue Size: 0 SlowTimeMills: 0
2025-07-30 20:01:40 - [WATERMARK] Admin Queue Size: 0 SlowTimeMills: 0
2025-07-30 20:01:41 - [WATERMARK] Send Queue Size: 0 SlowTimeMills: 0
2025-07-30 20:01:41 - [WATERMARK] Pull Queue Size: 0 SlowTimeMills: 0
2025-07-30 20:01:41 - [WATERMARK] Query Queue Size: 0 SlowTimeMills: 0
2025-07-30 20:01:41 - [WATERMARK] Lite Pull Queue Size: 0 SlowTimeMills: 0
2025-07-30 20:01:41 - [WATERMARK] Transaction Queue Size: 0 SlowTimeMills: 0
2025-07-30 20:01:41 - [WATERMARK] ClientManager Queue Size: 0 SlowTimeMills: 0
2025-07-30 20:01:41 - [WATERMARK] Heartbeat Queue Size: 0 SlowTimeMills: 0
2025-07-30 20:01:41 - [WATERMARK] Ack Queue Size: 0 SlowTimeMills: 0
2025-07-30 20:01:41 - [WATERMARK] Admin Queue Size: 0 SlowTimeMills: 0
2025-07-30 20:01:42 - [WATERMARK] Send Queue Size: 0 SlowTimeMills: 0
2025-07-30 20:01:42 - [WATERMARK] Pull Queue Size: 0 SlowTimeMills: 0
2025-07-30 20:01:42 - [WATERMARK] Query Queue Size: 0 SlowTimeMills: 0
2025-07-30 20:01:42 - [WATERMARK] Lite Pull Queue Size: 0 SlowTimeMills: 0
2025-07-30 20:01:42 - [WATERMARK] Transaction Queue Size: 0 SlowTimeMills: 0
2025-07-30 20:01:42 - [WATERMARK] ClientManager Queue Size: 0 SlowTimeMills: 0
2025-07-30 20:01:42 - [WATERMARK] Heartbeat Queue Size: 0 SlowTimeMills: 0
2025-07-30 20:01:42 - [WATERMARK] Ack Queue Size: 0 SlowTimeMills: 0
2025-07-30 20:01:42 - [WATERMARK] Admin Queue Size: 0 SlowTimeMills: 0
2025-07-30 20:01:43 - [WATERMARK] Send Queue Size: 0 SlowTimeMills: 0
2025-07-30 20:01:43 - [WATERMARK] Pull Queue Size: 0 SlowTimeMills: 0
2025-07-30 20:01:43 - [WATERMARK] Query Queue Size: 0 SlowTimeMills: 0
2025-07-30 20:01:43 - [WATERMARK] Lite Pull Queue Size: 0 SlowTimeMills: 0
2025-07-30 20:01:43 - [WATERMARK] Transaction Queue Size: 0 SlowTimeMills: 0
2025-07-30 20:01:43 - [WATERMARK] ClientManager Queue Size: 0 SlowTimeMills: 0
2025-07-30 20:01:43 - [WATERMARK] Heartbeat Queue Size: 0 SlowTimeMills: 0
2025-07-30 20:01:43 - [WATERMARK] Ack Queue Size: 0 SlowTimeMills: 0
2025-07-30 20:01:43 - [WATERMARK] Admin Queue Size: 0 SlowTimeMills: 0
2025-07-30 20:01:44 - [WATERMARK] Send Queue Size: 0 SlowTimeMills: 0
2025-07-30 20:01:44 - [WATERMARK] Pull Queue Size: 0 SlowTimeMills: 0
2025-07-30 20:01:44 - [WATERMARK] Query Queue Size: 0 SlowTimeMills: 0
2025-07-30 20:01:44 - [WATERMARK] Lite Pull Queue Size: 0 SlowTimeMills: 0
2025-07-30 20:01:44 - [WATERMARK] Transaction Queue Size: 0 SlowTimeMills: 0
2025-07-30 20:01:44 - [WATERMARK] ClientManager Queue Size: 0 SlowTimeMills: 0
2025-07-30 20:01:44 - [WATERMARK] Heartbeat Queue Size: 0 SlowTimeMills: 0
2025-07-30 20:01:44 - [WATERMARK] Ack Queue Size: 0 SlowTimeMills: 0
2025-07-30 20:01:44 - [WATERMARK] Admin Queue Size: 0 SlowTimeMills: 0
2025-07-30 20:01:45 - [WATERMARK] Send Queue Size: 0 SlowTimeMills: 0
2025-07-30 20:01:45 - [WATERMARK] Pull Queue Size: 0 SlowTimeMills: 0
2025-07-30 20:01:45 - [WATERMARK] Query Queue Size: 0 SlowTimeMills: 0
2025-07-30 20:01:45 - [WATERMARK] Lite Pull Queue Size: 0 SlowTimeMills: 0
2025-07-30 20:01:45 - [WATERMARK] Transaction Queue Size: 0 SlowTimeMills: 0
2025-07-30 20:01:45 - [WATERMARK] ClientManager Queue Size: 0 SlowTimeMills: 0
2025-07-30 20:01:45 - [WATERMARK] Heartbeat Queue Size: 0 SlowTimeMills: 0
2025-07-30 20:01:45 - [WATERMARK] Ack Queue Size: 0 SlowTimeMills: 0
2025-07-30 20:01:45 - [WATERMARK] Admin Queue Size: 0 SlowTimeMills: 0
2025-07-30 20:01:46 - [WATERMARK] Send Queue Size: 0 SlowTimeMills: 0
2025-07-30 20:01:46 - [WATERMARK] Pull Queue Size: 0 SlowTimeMills: 0
2025-07-30 20:01:46 - [WATERMARK] Query Queue Size: 0 SlowTimeMills: 0
2025-07-30 20:01:46 - [WATERMARK] Lite Pull Queue Size: 0 SlowTimeMills: 0
2025-07-30 20:01:46 - [WATERMARK] Transaction Queue Size: 0 SlowTimeMills: 0
2025-07-30 20:01:46 - [WATERMARK] ClientManager Queue Size: 0 SlowTimeMills: 0
2025-07-30 20:01:46 - [WATERMARK] Heartbeat Queue Size: 0 SlowTimeMills: 0
2025-07-30 20:01:46 - [WATERMARK] Ack Queue Size: 0 SlowTimeMills: 0
2025-07-30 20:01:46 - [WATERMARK] Admin Queue Size: 0 SlowTimeMills: 0
2025-07-30 20:01:47 - [WATERMARK] Send Queue Size: 0 SlowTimeMills: 0
2025-07-30 20:01:47 - [WATERMARK] Pull Queue Size: 0 SlowTimeMills: 0
2025-07-30 20:01:47 - [WATERMARK] Query Queue Size: 0 SlowTimeMills: 0
2025-07-30 20:01:47 - [WATERMARK] Lite Pull Queue Size: 0 SlowTimeMills: 0
2025-07-30 20:01:47 - [WATERMARK] Transaction Queue Size: 0 SlowTimeMills: 0
2025-07-30 20:01:47 - [WATERMARK] ClientManager Queue Size: 0 SlowTimeMills: 0
2025-07-30 20:01:47 - [WATERMARK] Heartbeat Queue Size: 0 SlowTimeMills: 0
2025-07-30 20:01:47 - [WATERMARK] Ack Queue Size: 0 SlowTimeMills: 0
2025-07-30 20:01:47 - [WATERMARK] Admin Queue Size: 0 SlowTimeMills: 0
2025-07-30 20:01:48 - [WATERMARK] Send Queue Size: 0 SlowTimeMills: 0
2025-07-30 20:01:48 - [WATERMARK] Pull Queue Size: 0 SlowTimeMills: 0
2025-07-30 20:01:48 - [WATERMARK] Query Queue Size: 0 SlowTimeMills: 0
2025-07-30 20:01:48 - [WATERMARK] Lite Pull Queue Size: 0 SlowTimeMills: 0
2025-07-30 20:01:48 - [WATERMARK] Transaction Queue Size: 0 SlowTimeMills: 0
2025-07-30 20:01:48 - [WATERMARK] ClientManager Queue Size: 0 SlowTimeMills: 0
2025-07-30 20:01:48 - [WATERMARK] Heartbeat Queue Size: 0 SlowTimeMills: 0
2025-07-30 20:01:48 - [WATERMARK] Ack Queue Size: 0 SlowTimeMills: 0
2025-07-30 20:01:48 - [WATERMARK] Admin Queue Size: 0 SlowTimeMills: 0
2025-07-30 20:01:49 - [WATERMARK] Send Queue Size: 0 SlowTimeMills: 0
2025-07-30 20:01:49 - [WATERMARK] Pull Queue Size: 0 SlowTimeMills: 0
2025-07-30 20:01:49 - [WATERMARK] Query Queue Size: 0 SlowTimeMills: 0
2025-07-30 20:01:49 - [WATERMARK] Lite Pull Queue Size: 0 SlowTimeMills: 0
2025-07-30 20:01:49 - [WATERMARK] Transaction Queue Size: 0 SlowTimeMills: 0
2025-07-30 20:01:49 - [WATERMARK] ClientManager Queue Size: 0 SlowTimeMills: 0
2025-07-30 20:01:49 - [WATERMARK] Heartbeat Queue Size: 0 SlowTimeMills: 0
2025-07-30 20:01:49 - [WATERMARK] Ack Queue Size: 0 SlowTimeMills: 0
2025-07-30 20:01:49 - [WATERMARK] Admin Queue Size: 0 SlowTimeMills: 0
2025-07-30 20:01:50 - [WATERMARK] Send Queue Size: 0 SlowTimeMills: 0
2025-07-30 20:01:50 - [WATERMARK] Pull Queue Size: 0 SlowTimeMills: 0
2025-07-30 20:01:50 - [WATERMARK] Query Queue Size: 0 SlowTimeMills: 0
2025-07-30 20:01:50 - [WATERMARK] Lite Pull Queue Size: 0 SlowTimeMills: 0
2025-07-30 20:01:50 - [WATERMARK] Transaction Queue Size: 0 SlowTimeMills: 0
2025-07-30 20:01:50 - [WATERMARK] ClientManager Queue Size: 0 SlowTimeMills: 0
2025-07-30 20:01:50 - [WATERMARK] Heartbeat Queue Size: 0 SlowTimeMills: 0
2025-07-30 20:01:50 - [WATERMARK] Ack Queue Size: 0 SlowTimeMills: 0
2025-07-30 20:01:50 - [WATERMARK] Admin Queue Size: 0 SlowTimeMills: 0
2025-07-30 20:01:51 - [WATERMARK] Send Queue Size: 0 SlowTimeMills: 0
2025-07-30 20:01:51 - [WATERMARK] Pull Queue Size: 0 SlowTimeMills: 0
2025-07-30 20:01:51 - [WATERMARK] Query Queue Size: 0 SlowTimeMills: 0
2025-07-30 20:01:51 - [WATERMARK] Lite Pull Queue Size: 0 SlowTimeMills: 0
2025-07-30 20:01:51 - [WATERMARK] Transaction Queue Size: 0 SlowTimeMills: 0
2025-07-30 20:01:51 - [WATERMARK] ClientManager Queue Size: 0 SlowTimeMills: 0
2025-07-30 20:01:51 - [WATERMARK] Heartbeat Queue Size: 0 SlowTimeMills: 0
2025-07-30 20:01:51 - [WATERMARK] Ack Queue Size: 0 SlowTimeMills: 0
2025-07-30 20:01:51 - [WATERMARK] Admin Queue Size: 0 SlowTimeMills: 0
2025-07-30 20:01:52 - [WATERMARK] Send Queue Size: 0 SlowTimeMills: 0
2025-07-30 20:01:52 - [WATERMARK] Pull Queue Size: 0 SlowTimeMills: 0
2025-07-30 20:01:52 - [WATERMARK] Query Queue Size: 0 SlowTimeMills: 0
2025-07-30 20:01:52 - [WATERMARK] Lite Pull Queue Size: 0 SlowTimeMills: 0
2025-07-30 20:01:52 - [WATERMARK] Transaction Queue Size: 0 SlowTimeMills: 0
2025-07-30 20:01:52 - [WATERMARK] ClientManager Queue Size: 0 SlowTimeMills: 0
2025-07-30 20:01:52 - [WATERMARK] Heartbeat Queue Size: 0 SlowTimeMills: 0
2025-07-30 20:01:52 - [WATERMARK] Ack Queue Size: 0 SlowTimeMills: 0
2025-07-30 20:01:52 - [WATERMARK] Admin Queue Size: 0 SlowTimeMills: 0
2025-07-30 20:01:53 - [WATERMARK] Send Queue Size: 0 SlowTimeMills: 0
2025-07-30 20:01:53 - [WATERMARK] Pull Queue Size: 0 SlowTimeMills: 0
2025-07-30 20:01:53 - [WATERMARK] Query Queue Size: 0 SlowTimeMills: 0
2025-07-30 20:01:53 - [WATERMARK] Lite Pull Queue Size: 0 SlowTimeMills: 0
2025-07-30 20:01:53 - [WATERMARK] Transaction Queue Size: 0 SlowTimeMills: 0
2025-07-30 20:01:53 - [WATERMARK] ClientManager Queue Size: 0 SlowTimeMills: 0
2025-07-30 20:01:53 - [WATERMARK] Heartbeat Queue Size: 0 SlowTimeMills: 0
2025-07-30 20:01:53 - [WATERMARK] Ack Queue Size: 0 SlowTimeMills: 0
2025-07-30 20:01:53 - [WATERMARK] Admin Queue Size: 0 SlowTimeMills: 0
2025-07-30 20:01:54 - [WATERMARK] Send Queue Size: 0 SlowTimeMills: 0
2025-07-30 20:01:54 - [WATERMARK] Pull Queue Size: 0 SlowTimeMills: 0
2025-07-30 20:01:54 - [WATERMARK] Query Queue Size: 0 SlowTimeMills: 0
2025-07-30 20:01:54 - [WATERMARK] Lite Pull Queue Size: 0 SlowTimeMills: 0
2025-07-30 20:01:54 - [WATERMARK] Transaction Queue Size: 0 SlowTimeMills: 0
2025-07-30 20:01:54 - [WATERMARK] ClientManager Queue Size: 0 SlowTimeMills: 0
2025-07-30 20:01:54 - [WATERMARK] Heartbeat Queue Size: 0 SlowTimeMills: 0
2025-07-30 20:01:54 - [WATERMARK] Ack Queue Size: 0 SlowTimeMills: 0
2025-07-30 20:01:54 - [WATERMARK] Admin Queue Size: 0 SlowTimeMills: 0
2025-07-30 20:01:55 - [WATERMARK] Send Queue Size: 0 SlowTimeMills: 0
2025-07-30 20:01:55 - [WATERMARK] Pull Queue Size: 0 SlowTimeMills: 0
2025-07-30 20:01:55 - [WATERMARK] Query Queue Size: 0 SlowTimeMills: 0
2025-07-30 20:01:55 - [WATERMARK] Lite Pull Queue Size: 0 SlowTimeMills: 0
2025-07-30 20:01:55 - [WATERMARK] Transaction Queue Size: 0 SlowTimeMills: 0
2025-07-30 20:01:55 - [WATERMARK] ClientManager Queue Size: 0 SlowTimeMills: 0
2025-07-30 20:01:55 - [WATERMARK] Heartbeat Queue Size: 0 SlowTimeMills: 0
2025-07-30 20:01:55 - [WATERMARK] Ack Queue Size: 0 SlowTimeMills: 0
2025-07-30 20:01:55 - [WATERMARK] Admin Queue Size: 0 SlowTimeMills: 0
2025-07-30 20:01:56 - [WATERMARK] Send Queue Size: 0 SlowTimeMills: 0
2025-07-30 20:01:56 - [WATERMARK] Pull Queue Size: 0 SlowTimeMills: 0
2025-07-30 20:01:56 - [WATERMARK] Query Queue Size: 0 SlowTimeMills: 0
2025-07-30 20:01:56 - [WATERMARK] Lite Pull Queue Size: 0 SlowTimeMills: 0
2025-07-30 20:01:56 - [WATERMARK] Transaction Queue Size: 0 SlowTimeMills: 0
2025-07-30 20:01:56 - [WATERMARK] ClientManager Queue Size: 0 SlowTimeMills: 0
2025-07-30 20:01:56 - [WATERMARK] Heartbeat Queue Size: 0 SlowTimeMills: 0
2025-07-30 20:01:56 - [WATERMARK] Ack Queue Size: 0 SlowTimeMills: 0
2025-07-30 20:01:56 - [WATERMARK] Admin Queue Size: 0 SlowTimeMills: 0
2025-07-30 20:01:57 - [WATERMARK] Send Queue Size: 0 SlowTimeMills: 0
2025-07-30 20:01:57 - [WATERMARK] Pull Queue Size: 0 SlowTimeMills: 0
2025-07-30 20:01:57 - [WATERMARK] Query Queue Size: 0 SlowTimeMills: 0
2025-07-30 20:01:57 - [WATERMARK] Lite Pull Queue Size: 0 SlowTimeMills: 0
2025-07-30 20:01:57 - [WATERMARK] Transaction Queue Size: 0 SlowTimeMills: 0
2025-07-30 20:01:57 - [WATERMARK] ClientManager Queue Size: 0 SlowTimeMills: 0
2025-07-30 20:01:57 - [WATERMARK] Heartbeat Queue Size: 0 SlowTimeMills: 0
2025-07-30 20:01:57 - [WATERMARK] Ack Queue Size: 0 SlowTimeMills: 0
2025-07-30 20:01:57 - [WATERMARK] Admin Queue Size: 0 SlowTimeMills: 0
2025-07-30 20:01:58 - [WATERMARK] Send Queue Size: 0 SlowTimeMills: 0
2025-07-30 20:01:58 - [WATERMARK] Pull Queue Size: 0 SlowTimeMills: 0
2025-07-30 20:01:58 - [WATERMARK] Query Queue Size: 0 SlowTimeMills: 0
2025-07-30 20:01:58 - [WATERMARK] Lite Pull Queue Size: 0 SlowTimeMills: 0
2025-07-30 20:01:58 - [WATERMARK] Transaction Queue Size: 0 SlowTimeMills: 0
2025-07-30 20:01:58 - [WATERMARK] ClientManager Queue Size: 0 SlowTimeMills: 0
2025-07-30 20:01:58 - [WATERMARK] Heartbeat Queue Size: 0 SlowTimeMills: 0
2025-07-30 20:01:58 - [WATERMARK] Ack Queue Size: 0 SlowTimeMills: 0
2025-07-30 20:01:58 - [WATERMARK] Admin Queue Size: 0 SlowTimeMills: 0
2025-07-30 20:01:59 - [WATERMARK] Send Queue Size: 0 SlowTimeMills: 0
2025-07-30 20:01:59 - [WATERMARK] Pull Queue Size: 0 SlowTimeMills: 0
2025-07-30 20:01:59 - [WATERMARK] Query Queue Size: 0 SlowTimeMills: 0
2025-07-30 20:01:59 - [WATERMARK] Lite Pull Queue Size: 0 SlowTimeMills: 0
2025-07-30 20:01:59 - [WATERMARK] Transaction Queue Size: 0 SlowTimeMills: 0
2025-07-30 20:01:59 - [WATERMARK] ClientManager Queue Size: 0 SlowTimeMills: 0
2025-07-30 20:01:59 - [WATERMARK] Heartbeat Queue Size: 0 SlowTimeMills: 0
2025-07-30 20:01:59 - [WATERMARK] Ack Queue Size: 0 SlowTimeMills: 0
2025-07-30 20:01:59 - [WATERMARK] Admin Queue Size: 0 SlowTimeMills: 0
2025-07-30 20:02:00 - [WATERMARK] Send Queue Size: 0 SlowTimeMills: 0
2025-07-30 20:02:00 - [WATERMARK] Pull Queue Size: 0 SlowTimeMills: 0
2025-07-30 20:02:00 - [WATERMARK] Query Queue Size: 0 SlowTimeMills: 0
2025-07-30 20:02:00 - [WATERMARK] Lite Pull Queue Size: 0 SlowTimeMills: 0
2025-07-30 20:02:00 - [WATERMARK] Transaction Queue Size: 0 SlowTimeMills: 0
2025-07-30 20:02:00 - [WATERMARK] ClientManager Queue Size: 0 SlowTimeMills: 0
2025-07-30 20:02:00 - [WATERMARK] Heartbeat Queue Size: 0 SlowTimeMills: 0
2025-07-30 20:02:00 - [WATERMARK] Ack Queue Size: 0 SlowTimeMills: 0
2025-07-30 20:02:00 - [WATERMARK] Admin Queue Size: 0 SlowTimeMills: 0
2025-07-30 20:02:01 - [WATERMARK] Send Queue Size: 0 SlowTimeMills: 0
2025-07-30 20:02:01 - [WATERMARK] Pull Queue Size: 0 SlowTimeMills: 0
2025-07-30 20:02:01 - [WATERMARK] Query Queue Size: 0 SlowTimeMills: 0
2025-07-30 20:02:01 - [WATERMARK] Lite Pull Queue Size: 0 SlowTimeMills: 0
2025-07-30 20:02:01 - [WATERMARK] Transaction Queue Size: 0 SlowTimeMills: 0
2025-07-30 20:02:01 - [WATERMARK] ClientManager Queue Size: 0 SlowTimeMills: 0
2025-07-30 20:02:01 - [WATERMARK] Heartbeat Queue Size: 0 SlowTimeMills: 0
2025-07-30 20:02:01 - [WATERMARK] Ack Queue Size: 0 SlowTimeMills: 0
2025-07-30 20:02:01 - [WATERMARK] Admin Queue Size: 0 SlowTimeMills: 0
2025-07-30 20:02:02 - [WATERMARK] Send Queue Size: 0 SlowTimeMills: 0
2025-07-30 20:02:02 - [WATERMARK] Pull Queue Size: 0 SlowTimeMills: 0
2025-07-30 20:02:02 - [WATERMARK] Query Queue Size: 0 SlowTimeMills: 0
2025-07-30 20:02:02 - [WATERMARK] Lite Pull Queue Size: 0 SlowTimeMills: 0
2025-07-30 20:02:02 - [WATERMARK] Transaction Queue Size: 0 SlowTimeMills: 0
2025-07-30 20:02:02 - [WATERMARK] ClientManager Queue Size: 0 SlowTimeMills: 0
2025-07-30 20:02:02 - [WATERMARK] Heartbeat Queue Size: 0 SlowTimeMills: 0
2025-07-30 20:02:02 - [WATERMARK] Ack Queue Size: 0 SlowTimeMills: 0
2025-07-30 20:02:02 - [WATERMARK] Admin Queue Size: 0 SlowTimeMills: 0
2025-07-30 20:02:03 - [WATERMARK] Send Queue Size: 0 SlowTimeMills: 0
2025-07-30 20:02:03 - [WATERMARK] Pull Queue Size: 0 SlowTimeMills: 0
2025-07-30 20:02:03 - [WATERMARK] Query Queue Size: 0 SlowTimeMills: 0
2025-07-30 20:02:03 - [WATERMARK] Lite Pull Queue Size: 0 SlowTimeMills: 0
2025-07-30 20:02:03 - [WATERMARK] Transaction Queue Size: 0 SlowTimeMills: 0
2025-07-30 20:02:03 - [WATERMARK] ClientManager Queue Size: 0 SlowTimeMills: 0
2025-07-30 20:02:03 - [WATERMARK] Heartbeat Queue Size: 0 SlowTimeMills: 0
2025-07-30 20:02:03 - [WATERMARK] Ack Queue Size: 0 SlowTimeMills: 0
2025-07-30 20:02:03 - [WATERMARK] Admin Queue Size: 0 SlowTimeMills: 0
2025-07-30 20:02:04 - [WATERMARK] Send Queue Size: 0 SlowTimeMills: 0
2025-07-30 20:02:04 - [WATERMARK] Pull Queue Size: 0 SlowTimeMills: 0
2025-07-30 20:02:04 - [WATERMARK] Query Queue Size: 0 SlowTimeMills: 0
2025-07-30 20:02:04 - [WATERMARK] Lite Pull Queue Size: 0 SlowTimeMills: 0
2025-07-30 20:02:04 - [WATERMARK] Transaction Queue Size: 0 SlowTimeMills: 0
2025-07-30 20:02:04 - [WATERMARK] ClientManager Queue Size: 0 SlowTimeMills: 0
2025-07-30 20:02:04 - [WATERMARK] Heartbeat Queue Size: 0 SlowTimeMills: 0
2025-07-30 20:02:04 - [WATERMARK] Ack Queue Size: 0 SlowTimeMills: 0
2025-07-30 20:02:04 - [WATERMARK] Admin Queue Size: 0 SlowTimeMills: 0
2025-07-30 20:02:05 - [WATERMARK] Send Queue Size: 0 SlowTimeMills: 0
2025-07-30 20:02:05 - [WATERMARK] Pull Queue Size: 0 SlowTimeMills: 0
2025-07-30 20:02:05 - [WATERMARK] Query Queue Size: 0 SlowTimeMills: 0
2025-07-30 20:02:05 - [WATERMARK] Lite Pull Queue Size: 0 SlowTimeMills: 0
2025-07-30 20:02:05 - [WATERMARK] Transaction Queue Size: 0 SlowTimeMills: 0
2025-07-30 20:02:05 - [WATERMARK] ClientManager Queue Size: 0 SlowTimeMills: 0
2025-07-30 20:02:05 - [WATERMARK] Heartbeat Queue Size: 0 SlowTimeMills: 0
2025-07-30 20:02:05 - [WATERMARK] Ack Queue Size: 0 SlowTimeMills: 0
2025-07-30 20:02:05 - [WATERMARK] Admin Queue Size: 0 SlowTimeMills: 0
2025-07-30 20:02:06 - [WATERMARK] Send Queue Size: 0 SlowTimeMills: 0
2025-07-30 20:02:06 - [WATERMARK] Pull Queue Size: 0 SlowTimeMills: 0
2025-07-30 20:02:06 - [WATERMARK] Query Queue Size: 0 SlowTimeMills: 0
2025-07-30 20:02:06 - [WATERMARK] Lite Pull Queue Size: 0 SlowTimeMills: 0
2025-07-30 20:02:06 - [WATERMARK] Transaction Queue Size: 0 SlowTimeMills: 0
2025-07-30 20:02:06 - [WATERMARK] ClientManager Queue Size: 0 SlowTimeMills: 0
2025-07-30 20:02:06 - [WATERMARK] Heartbeat Queue Size: 0 SlowTimeMills: 0
2025-07-30 20:02:06 - [WATERMARK] Ack Queue Size: 0 SlowTimeMills: 0
2025-07-30 20:02:06 - [WATERMARK] Admin Queue Size: 0 SlowTimeMills: 0
2025-07-30 20:02:07 - [WATERMARK] Send Queue Size: 0 SlowTimeMills: 0
2025-07-30 20:02:07 - [WATERMARK] Pull Queue Size: 0 SlowTimeMills: 0
2025-07-30 20:02:07 - [WATERMARK] Query Queue Size: 0 SlowTimeMills: 0
2025-07-30 20:02:07 - [WATERMARK] Lite Pull Queue Size: 0 SlowTimeMills: 0
2025-07-30 20:02:07 - [WATERMARK] Transaction Queue Size: 0 SlowTimeMills: 0
2025-07-30 20:02:07 - [WATERMARK] ClientManager Queue Size: 0 SlowTimeMills: 0
2025-07-30 20:02:07 - [WATERMARK] Heartbeat Queue Size: 0 SlowTimeMills: 0
2025-07-30 20:02:07 - [WATERMARK] Ack Queue Size: 0 SlowTimeMills: 0
2025-07-30 20:02:07 - [WATERMARK] Admin Queue Size: 0 SlowTimeMills: 0
2025-07-30 20:02:08 - [WATERMARK] Send Queue Size: 0 SlowTimeMills: 0
2025-07-30 20:02:08 - [WATERMARK] Pull Queue Size: 0 SlowTimeMills: 0
2025-07-30 20:02:08 - [WATERMARK] Query Queue Size: 0 SlowTimeMills: 0
2025-07-30 20:02:08 - [WATERMARK] Lite Pull Queue Size: 0 SlowTimeMills: 0
2025-07-30 20:02:08 - [WATERMARK] Transaction Queue Size: 0 SlowTimeMills: 0
2025-07-30 20:02:08 - [WATERMARK] ClientManager Queue Size: 0 SlowTimeMills: 0
2025-07-30 20:02:08 - [WATERMARK] Heartbeat Queue Size: 0 SlowTimeMills: 0
2025-07-30 20:02:08 - [WATERMARK] Ack Queue Size: 0 SlowTimeMills: 0
2025-07-30 20:02:08 - [WATERMARK] Admin Queue Size: 0 SlowTimeMills: 0
2025-07-30 20:02:09 - [WATERMARK] Send Queue Size: 0 SlowTimeMills: 0
2025-07-30 20:02:09 - [WATERMARK] Pull Queue Size: 0 SlowTimeMills: 0
2025-07-30 20:02:09 - [WATERMARK] Query Queue Size: 0 SlowTimeMills: 0
2025-07-30 20:02:09 - [WATERMARK] Lite Pull Queue Size: 0 SlowTimeMills: 0
2025-07-30 20:02:09 - [WATERMARK] Transaction Queue Size: 0 SlowTimeMills: 0
2025-07-30 20:02:09 - [WATERMARK] ClientManager Queue Size: 0 SlowTimeMills: 0
2025-07-30 20:02:09 - [WATERMARK] Heartbeat Queue Size: 0 SlowTimeMills: 0
2025-07-30 20:02:09 - [WATERMARK] Ack Queue Size: 0 SlowTimeMills: 0
2025-07-30 20:02:09 - [WATERMARK] Admin Queue Size: 0 SlowTimeMills: 0
2025-07-30 20:02:10 - [WATERMARK] Send Queue Size: 0 SlowTimeMills: 0
2025-07-30 20:02:10 - [WATERMARK] Pull Queue Size: 0 SlowTimeMills: 0
2025-07-30 20:02:10 - [WATERMARK] Query Queue Size: 0 SlowTimeMills: 0
2025-07-30 20:02:10 - [WATERMARK] Lite Pull Queue Size: 0 SlowTimeMills: 0
2025-07-30 20:02:10 - [WATERMARK] Transaction Queue Size: 0 SlowTimeMills: 0
2025-07-30 20:02:10 - [WATERMARK] ClientManager Queue Size: 0 SlowTimeMills: 0
2025-07-30 20:02:10 - [WATERMARK] Heartbeat Queue Size: 0 SlowTimeMills: 0
2025-07-30 20:02:10 - [WATERMARK] Ack Queue Size: 0 SlowTimeMills: 0
2025-07-30 20:02:10 - [WATERMARK] Admin Queue Size: 0 SlowTimeMills: 0
2025-07-30 20:02:11 - [WATERMARK] Send Queue Size: 0 SlowTimeMills: 0
2025-07-30 20:02:11 - [WATERMARK] Pull Queue Size: 0 SlowTimeMills: 0
2025-07-30 20:02:11 - [WATERMARK] Query Queue Size: 0 SlowTimeMills: 0
2025-07-30 20:02:11 - [WATERMARK] Lite Pull Queue Size: 0 SlowTimeMills: 0
2025-07-30 20:02:11 - [WATERMARK] Transaction Queue Size: 0 SlowTimeMills: 0
2025-07-30 20:02:11 - [WATERMARK] ClientManager Queue Size: 0 SlowTimeMills: 0
2025-07-30 20:02:11 - [WATERMARK] Heartbeat Queue Size: 0 SlowTimeMills: 0
2025-07-30 20:02:11 - [WATERMARK] Ack Queue Size: 0 SlowTimeMills: 0
2025-07-30 20:02:11 - [WATERMARK] Admin Queue Size: 0 SlowTimeMills: 0
2025-07-30 20:02:12 - [WATERMARK] Send Queue Size: 0 SlowTimeMills: 0
2025-07-30 20:02:12 - [WATERMARK] Pull Queue Size: 0 SlowTimeMills: 0
2025-07-30 20:02:12 - [WATERMARK] Query Queue Size: 0 SlowTimeMills: 0
2025-07-30 20:02:12 - [WATERMARK] Lite Pull Queue Size: 0 SlowTimeMills: 0
2025-07-30 20:02:12 - [WATERMARK] Transaction Queue Size: 0 SlowTimeMills: 0
2025-07-30 20:02:12 - [WATERMARK] ClientManager Queue Size: 0 SlowTimeMills: 0
2025-07-30 20:02:12 - [WATERMARK] Heartbeat Queue Size: 0 SlowTimeMills: 0
2025-07-30 20:02:12 - [WATERMARK] Ack Queue Size: 0 SlowTimeMills: 0
2025-07-30 20:02:12 - [WATERMARK] Admin Queue Size: 0 SlowTimeMills: 0
2025-07-30 20:02:13 - [WATERMARK] Send Queue Size: 0 SlowTimeMills: 0
2025-07-30 20:02:13 - [WATERMARK] Pull Queue Size: 0 SlowTimeMills: 0
2025-07-30 20:02:13 - [WATERMARK] Query Queue Size: 0 SlowTimeMills: 0
2025-07-30 20:02:13 - [WATERMARK] Lite Pull Queue Size: 0 SlowTimeMills: 0
2025-07-30 20:02:13 - [WATERMARK] Transaction Queue Size: 0 SlowTimeMills: 0
2025-07-30 20:02:13 - [WATERMARK] ClientManager Queue Size: 0 SlowTimeMills: 0
2025-07-30 20:02:13 - [WATERMARK] Heartbeat Queue Size: 0 SlowTimeMills: 0
2025-07-30 20:02:13 - [WATERMARK] Ack Queue Size: 0 SlowTimeMills: 0
2025-07-30 20:02:13 - [WATERMARK] Admin Queue Size: 0 SlowTimeMills: 0
2025-07-30 20:02:14 - [WATERMARK] Send Queue Size: 0 SlowTimeMills: 0
2025-07-30 20:02:14 - [WATERMARK] Pull Queue Size: 0 SlowTimeMills: 0
2025-07-30 20:02:14 - [WATERMARK] Query Queue Size: 0 SlowTimeMills: 0
2025-07-30 20:02:14 - [WATERMARK] Lite Pull Queue Size: 0 SlowTimeMills: 0
2025-07-30 20:02:14 - [WATERMARK] Transaction Queue Size: 0 SlowTimeMills: 0
2025-07-30 20:02:14 - [WATERMARK] ClientManager Queue Size: 0 SlowTimeMills: 0
2025-07-30 20:02:14 - [WATERMARK] Heartbeat Queue Size: 0 SlowTimeMills: 0
2025-07-30 20:02:14 - [WATERMARK] Ack Queue Size: 0 SlowTimeMills: 0
2025-07-30 20:02:14 - [WATERMARK] Admin Queue Size: 0 SlowTimeMills: 0
2025-07-30 20:02:15 - [WATERMARK] Send Queue Size: 0 SlowTimeMills: 0
2025-07-30 20:02:15 - [WATERMARK] Pull Queue Size: 0 SlowTimeMills: 0
2025-07-30 20:02:15 - [WATERMARK] Query Queue Size: 0 SlowTimeMills: 0
2025-07-30 20:02:15 - [WATERMARK] Lite Pull Queue Size: 0 SlowTimeMills: 0
2025-07-30 20:02:15 - [WATERMARK] Transaction Queue Size: 0 SlowTimeMills: 0
2025-07-30 20:02:15 - [WATERMARK] ClientManager Queue Size: 0 SlowTimeMills: 0
2025-07-30 20:02:15 - [WATERMARK] Heartbeat Queue Size: 0 SlowTimeMills: 0
2025-07-30 20:02:15 - [WATERMARK] Ack Queue Size: 0 SlowTimeMills: 0
2025-07-30 20:02:15 - [WATERMARK] Admin Queue Size: 0 SlowTimeMills: 0
2025-07-30 20:02:16 - [WATERMARK] Send Queue Size: 0 SlowTimeMills: 0
2025-07-30 20:02:16 - [WATERMARK] Pull Queue Size: 0 SlowTimeMills: 0
2025-07-30 20:02:16 - [WATERMARK] Query Queue Size: 0 SlowTimeMills: 0
2025-07-30 20:02:16 - [WATERMARK] Lite Pull Queue Size: 0 SlowTimeMills: 0
2025-07-30 20:02:16 - [WATERMARK] Transaction Queue Size: 0 SlowTimeMills: 0
2025-07-30 20:02:16 - [WATERMARK] ClientManager Queue Size: 0 SlowTimeMills: 0
2025-07-30 20:02:16 - [WATERMARK] Heartbeat Queue Size: 0 SlowTimeMills: 0
2025-07-30 20:02:16 - [WATERMARK] Ack Queue Size: 0 SlowTimeMills: 0
2025-07-30 20:02:16 - [WATERMARK] Admin Queue Size: 0 SlowTimeMills: 0
2025-07-30 20:02:17 - [WATERMARK] Send Queue Size: 0 SlowTimeMills: 0
2025-07-30 20:02:17 - [WATERMARK] Pull Queue Size: 0 SlowTimeMills: 0
2025-07-30 20:02:17 - [WATERMARK] Query Queue Size: 0 SlowTimeMills: 0
2025-07-30 20:02:17 - [WATERMARK] Lite Pull Queue Size: 0 SlowTimeMills: 0
2025-07-30 20:02:17 - [WATERMARK] Transaction Queue Size: 0 SlowTimeMills: 0
2025-07-30 20:02:17 - [WATERMARK] ClientManager Queue Size: 0 SlowTimeMills: 0
2025-07-30 20:02:17 - [WATERMARK] Heartbeat Queue Size: 0 SlowTimeMills: 0
2025-07-30 20:02:17 - [WATERMARK] Ack Queue Size: 0 SlowTimeMills: 0
2025-07-30 20:02:17 - [WATERMARK] Admin Queue Size: 0 SlowTimeMills: 0
2025-07-30 20:02:18 - [WATERMARK] Send Queue Size: 0 SlowTimeMills: 0
2025-07-30 20:02:18 - [WATERMARK] Pull Queue Size: 0 SlowTimeMills: 0
2025-07-30 20:02:18 - [WATERMARK] Query Queue Size: 0 SlowTimeMills: 0
2025-07-30 20:02:18 - [WATERMARK] Lite Pull Queue Size: 0 SlowTimeMills: 0
2025-07-30 20:02:18 - [WATERMARK] Transaction Queue Size: 0 SlowTimeMills: 0
2025-07-30 20:02:18 - [WATERMARK] ClientManager Queue Size: 0 SlowTimeMills: 0
2025-07-30 20:02:18 - [WATERMARK] Heartbeat Queue Size: 0 SlowTimeMills: 0
2025-07-30 20:02:18 - [WATERMARK] Ack Queue Size: 0 SlowTimeMills: 0
2025-07-30 20:02:18 - [WATERMARK] Admin Queue Size: 0 SlowTimeMills: 0
2025-07-30 20:02:19 - [WATERMARK] Send Queue Size: 0 SlowTimeMills: 0
2025-07-30 20:02:19 - [WATERMARK] Pull Queue Size: 0 SlowTimeMills: 0
2025-07-30 20:02:19 - [WATERMARK] Query Queue Size: 0 SlowTimeMills: 0
2025-07-30 20:02:19 - [WATERMARK] Lite Pull Queue Size: 0 SlowTimeMills: 0
2025-07-30 20:02:19 - [WATERMARK] Transaction Queue Size: 0 SlowTimeMills: 0
2025-07-30 20:02:19 - [WATERMARK] ClientManager Queue Size: 0 SlowTimeMills: 0
2025-07-30 20:02:19 - [WATERMARK] Heartbeat Queue Size: 0 SlowTimeMills: 0
2025-07-30 20:02:19 - [WATERMARK] Ack Queue Size: 0 SlowTimeMills: 0
2025-07-30 20:02:19 - [WATERMARK] Admin Queue Size: 0 SlowTimeMills: 0
2025-07-30 20:02:20 - [WATERMARK] Send Queue Size: 0 SlowTimeMills: 0
2025-07-30 20:02:20 - [WATERMARK] Pull Queue Size: 0 SlowTimeMills: 0
2025-07-30 20:02:20 - [WATERMARK] Query Queue Size: 0 SlowTimeMills: 0
2025-07-30 20:02:20 - [WATERMARK] Lite Pull Queue Size: 0 SlowTimeMills: 0
2025-07-30 20:02:20 - [WATERMARK] Transaction Queue Size: 0 SlowTimeMills: 0
2025-07-30 20:02:20 - [WATERMARK] ClientManager Queue Size: 0 SlowTimeMills: 0
2025-07-30 20:02:20 - [WATERMARK] Heartbeat Queue Size: 0 SlowTimeMills: 0
2025-07-30 20:02:20 - [WATERMARK] Ack Queue Size: 0 SlowTimeMills: 0
2025-07-30 20:02:20 - [WATERMARK] Admin Queue Size: 0 SlowTimeMills: 0
2025-07-30 20:02:21 - [WATERMARK] Send Queue Size: 0 SlowTimeMills: 0
2025-07-30 20:02:21 - [WATERMARK] Pull Queue Size: 0 SlowTimeMills: 0
2025-07-30 20:02:21 - [WATERMARK] Query Queue Size: 0 SlowTimeMills: 0
2025-07-30 20:02:21 - [WATERMARK] Lite Pull Queue Size: 0 SlowTimeMills: 0
2025-07-30 20:02:21 - [WATERMARK] Transaction Queue Size: 0 SlowTimeMills: 0
2025-07-30 20:02:21 - [WATERMARK] ClientManager Queue Size: 0 SlowTimeMills: 0
2025-07-30 20:02:21 - [WATERMARK] Heartbeat Queue Size: 0 SlowTimeMills: 0
2025-07-30 20:02:21 - [WATERMARK] Ack Queue Size: 0 SlowTimeMills: 0
2025-07-30 20:02:21 - [WATERMARK] Admin Queue Size: 0 SlowTimeMills: 0
2025-07-30 20:02:22 - [WATERMARK] Send Queue Size: 0 SlowTimeMills: 0
2025-07-30 20:02:22 - [WATERMARK] Pull Queue Size: 0 SlowTimeMills: 0
2025-07-30 20:02:22 - [WATERMARK] Query Queue Size: 0 SlowTimeMills: 0
2025-07-30 20:02:22 - [WATERMARK] Lite Pull Queue Size: 0 SlowTimeMills: 0
2025-07-30 20:02:22 - [WATERMARK] Transaction Queue Size: 0 SlowTimeMills: 0
2025-07-30 20:02:22 - [WATERMARK] ClientManager Queue Size: 0 SlowTimeMills: 0
2025-07-30 20:02:22 - [WATERMARK] Heartbeat Queue Size: 0 SlowTimeMills: 0
2025-07-30 20:02:22 - [WATERMARK] Ack Queue Size: 0 SlowTimeMills: 0
2025-07-30 20:02:22 - [WATERMARK] Admin Queue Size: 0 SlowTimeMills: 0
2025-07-30 20:02:23 - [WATERMARK] Send Queue Size: 0 SlowTimeMills: 0
2025-07-30 20:02:23 - [WATERMARK] Pull Queue Size: 0 SlowTimeMills: 0
2025-07-30 20:02:23 - [WATERMARK] Query Queue Size: 0 SlowTimeMills: 0
2025-07-30 20:02:23 - [WATERMARK] Lite Pull Queue Size: 0 SlowTimeMills: 0
2025-07-30 20:02:23 - [WATERMARK] Transaction Queue Size: 0 SlowTimeMills: 0
2025-07-30 20:02:23 - [WATERMARK] ClientManager Queue Size: 0 SlowTimeMills: 0
2025-07-30 20:02:23 - [WATERMARK] Heartbeat Queue Size: 0 SlowTimeMills: 0
2025-07-30 20:02:23 - [WATERMARK] Ack Queue Size: 0 SlowTimeMills: 0
2025-07-30 20:02:23 - [WATERMARK] Admin Queue Size: 0 SlowTimeMills: 0
2025-07-30 20:02:24 - [WATERMARK] Send Queue Size: 0 SlowTimeMills: 0
2025-07-30 20:02:24 - [WATERMARK] Pull Queue Size: 0 SlowTimeMills: 0
2025-07-30 20:02:24 - [WATERMARK] Query Queue Size: 0 SlowTimeMills: 0
2025-07-30 20:02:24 - [WATERMARK] Lite Pull Queue Size: 0 SlowTimeMills: 0
2025-07-30 20:02:24 - [WATERMARK] Transaction Queue Size: 0 SlowTimeMills: 0
2025-07-30 20:02:24 - [WATERMARK] ClientManager Queue Size: 0 SlowTimeMills: 0
2025-07-30 20:02:24 - [WATERMARK] Heartbeat Queue Size: 0 SlowTimeMills: 0
2025-07-30 20:02:24 - [WATERMARK] Ack Queue Size: 0 SlowTimeMills: 0
2025-07-30 20:02:24 - [WATERMARK] Admin Queue Size: 0 SlowTimeMills: 0
2025-07-30 20:02:25 - [WATERMARK] Send Queue Size: 0 SlowTimeMills: 0
2025-07-30 20:02:25 - [WATERMARK] Pull Queue Size: 0 SlowTimeMills: 0
2025-07-30 20:02:25 - [WATERMARK] Query Queue Size: 0 SlowTimeMills: 0
2025-07-30 20:02:25 - [WATERMARK] Lite Pull Queue Size: 0 SlowTimeMills: 0
2025-07-30 20:02:25 - [WATERMARK] Transaction Queue Size: 0 SlowTimeMills: 0
2025-07-30 20:02:25 - [WATERMARK] ClientManager Queue Size: 0 SlowTimeMills: 0
2025-07-30 20:02:25 - [WATERMARK] Heartbeat Queue Size: 0 SlowTimeMills: 0
2025-07-30 20:02:25 - [WATERMARK] Ack Queue Size: 0 SlowTimeMills: 0
2025-07-30 20:02:25 - [WATERMARK] Admin Queue Size: 0 SlowTimeMills: 0
2025-07-30 20:02:26 - [WATERMARK] Send Queue Size: 0 SlowTimeMills: 0
2025-07-30 20:02:26 - [WATERMARK] Pull Queue Size: 0 SlowTimeMills: 0
2025-07-30 20:02:26 - [WATERMARK] Query Queue Size: 0 SlowTimeMills: 0
2025-07-30 20:02:26 - [WATERMARK] Lite Pull Queue Size: 0 SlowTimeMills: 0
2025-07-30 20:02:26 - [WATERMARK] Transaction Queue Size: 0 SlowTimeMills: 0
2025-07-30 20:02:26 - [WATERMARK] ClientManager Queue Size: 0 SlowTimeMills: 0
2025-07-30 20:02:26 - [WATERMARK] Heartbeat Queue Size: 0 SlowTimeMills: 0
2025-07-30 20:02:26 - [WATERMARK] Ack Queue Size: 0 SlowTimeMills: 0
2025-07-30 20:02:26 - [WATERMARK] Admin Queue Size: 0 SlowTimeMills: 0
2025-07-30 20:02:27 - [WATERMARK] Send Queue Size: 0 SlowTimeMills: 0
2025-07-30 20:02:27 - [WATERMARK] Pull Queue Size: 0 SlowTimeMills: 0
2025-07-30 20:02:27 - [WATERMARK] Query Queue Size: 0 SlowTimeMills: 0
2025-07-30 20:02:27 - [WATERMARK] Lite Pull Queue Size: 0 SlowTimeMills: 0
2025-07-30 20:02:27 - [WATERMARK] Transaction Queue Size: 0 SlowTimeMills: 0
2025-07-30 20:02:27 - [WATERMARK] ClientManager Queue Size: 0 SlowTimeMills: 0
2025-07-30 20:02:27 - [WATERMARK] Heartbeat Queue Size: 0 SlowTimeMills: 0
2025-07-30 20:02:27 - [WATERMARK] Ack Queue Size: 0 SlowTimeMills: 0
2025-07-30 20:02:27 - [WATERMARK] Admin Queue Size: 0 SlowTimeMills: 0
2025-07-30 20:02:28 - [WATERMARK] Send Queue Size: 0 SlowTimeMills: 0
2025-07-30 20:02:28 - [WATERMARK] Pull Queue Size: 0 SlowTimeMills: 0
2025-07-30 20:02:28 - [WATERMARK] Query Queue Size: 0 SlowTimeMills: 0
2025-07-30 20:02:28 - [WATERMARK] Lite Pull Queue Size: 0 SlowTimeMills: 0
2025-07-30 20:02:28 - [WATERMARK] Transaction Queue Size: 0 SlowTimeMills: 0
2025-07-30 20:02:28 - [WATERMARK] ClientManager Queue Size: 0 SlowTimeMills: 0
2025-07-30 20:02:28 - [WATERMARK] Heartbeat Queue Size: 0 SlowTimeMills: 0
2025-07-30 20:02:28 - [WATERMARK] Ack Queue Size: 0 SlowTimeMills: 0
2025-07-30 20:02:28 - [WATERMARK] Admin Queue Size: 0 SlowTimeMills: 0
2025-07-30 20:02:29 - [WATERMARK] Send Queue Size: 0 SlowTimeMills: 0
2025-07-30 20:02:29 - [WATERMARK] Pull Queue Size: 0 SlowTimeMills: 0
2025-07-30 20:02:29 - [WATERMARK] Query Queue Size: 0 SlowTimeMills: 0
2025-07-30 20:02:29 - [WATERMARK] Lite Pull Queue Size: 0 SlowTimeMills: 0
2025-07-30 20:02:29 - [WATERMARK] Transaction Queue Size: 0 SlowTimeMills: 0
2025-07-30 20:02:29 - [WATERMARK] ClientManager Queue Size: 0 SlowTimeMills: 0
2025-07-30 20:02:29 - [WATERMARK] Heartbeat Queue Size: 0 SlowTimeMills: 0
2025-07-30 20:02:29 - [WATERMARK] Ack Queue Size: 0 SlowTimeMills: 0
2025-07-30 20:02:29 - [WATERMARK] Admin Queue Size: 0 SlowTimeMills: 0
2025-07-30 20:02:30 - [WATERMARK] Send Queue Size: 0 SlowTimeMills: 0
2025-07-30 20:02:30 - [WATERMARK] Pull Queue Size: 0 SlowTimeMills: 0
2025-07-30 20:02:30 - [WATERMARK] Query Queue Size: 0 SlowTimeMills: 0
2025-07-30 20:02:30 - [WATERMARK] Lite Pull Queue Size: 0 SlowTimeMills: 0
2025-07-30 20:02:30 - [WATERMARK] Transaction Queue Size: 0 SlowTimeMills: 0
2025-07-30 20:02:30 - [WATERMARK] ClientManager Queue Size: 0 SlowTimeMills: 0
2025-07-30 20:02:30 - [WATERMARK] Heartbeat Queue Size: 0 SlowTimeMills: 0
2025-07-30 20:02:30 - [WATERMARK] Ack Queue Size: 0 SlowTimeMills: 0
2025-07-30 20:02:30 - [WATERMARK] Admin Queue Size: 0 SlowTimeMills: 0
2025-07-30 20:02:31 - [WATERMARK] Send Queue Size: 0 SlowTimeMills: 0
2025-07-30 20:02:31 - [WATERMARK] Pull Queue Size: 0 SlowTimeMills: 0
2025-07-30 20:02:31 - [WATERMARK] Query Queue Size: 0 SlowTimeMills: 0
2025-07-30 20:02:31 - [WATERMARK] Lite Pull Queue Size: 0 SlowTimeMills: 0
2025-07-30 20:02:31 - [WATERMARK] Transaction Queue Size: 0 SlowTimeMills: 0
2025-07-30 20:02:31 - [WATERMARK] ClientManager Queue Size: 0 SlowTimeMills: 0
2025-07-30 20:02:31 - [WATERMARK] Heartbeat Queue Size: 0 SlowTimeMills: 0
2025-07-30 20:02:31 - [WATERMARK] Ack Queue Size: 0 SlowTimeMills: 0
2025-07-30 20:02:31 - [WATERMARK] Admin Queue Size: 0 SlowTimeMills: 0
